HolderAddress,Balance,PendingBalanceUpdate
0x2a479056fac97b62806cc740b11774e6598b1649,194773.0777,No
0xb5d85ca38a9cbe63156a02650884d92a6e736ddc,13500517.11,No
0xb9b09264779733b8657b9b86970e3db74561c237,576401.609,No
0x7c1ea00adf67874a1ceb1b2ce68140ebf87a0bab,2.63E-05,No
0x988ed2166fd1ae04d4cfb6040a4c64fde59df2fa,0.000336,No
0x99fefbc5ca74cc740395d65d384edd52cb3088bb,0.008589272,No
0x9cbed1220e01f457772cee3aad8b94a142fc975f,1371861.828,No
0x000000000000000000000000000000000000dead,56674.74357,No
0x28233c517116dfe511376dd4c9bd27563fb57609,57.82859373,No
0x4291ab8a26efdf45a89f1b4ba2aad8229a778a9b,0.00010864,No
0x0dc5d430c3823b390c6c840df8f6d7c723f1d126,55.24518968,No
0x5d38f4f6ab46e047c364ba0c2c7f6e98fb9addf8,441.3905204,No
0xba5edf064de4b8ff0c15c54ff34760fa9f031ba5,0.00014756,No
0x00cfa45e6bffe492b19c974d21f68f63eb8092b5,1600,No
0x19b8b60f3628fc8fd9b43bf2b184b4e6ff24cc9a,9.36E-06,No
0x31caf8574c488c5ad2720ad1c48fb12e101e1ef0,0.000128771,No
0xee8f22d3d8934b5b798377a210a71e9470100d22,0.00042,No
0xd7aa178bb566c614d75b3aa0e64ab90c2feff80d,6.96E-05,No
0x192b447d08d87318b6d4c1f1eb3159e948700098,1460.280166,No
0xa4ac73f7cf533a6602ed3527e391c40fc54d5f91,0.00042,No
0x953480c82d7914176fa146aacbc524aef61ffe17,8.39E-07,No
0xd4d50342c08b5f2d283709c4f30b14412a01f89f,10385.34496,No
0x095ad3d17697be667ace2eb11e07e53d5a3cc92c,4.256196808,No
0xfb309651eeb40c2cf1535bda4a32e161907f0657,2.56E-05,No
0xb7660c0c8538b826169d9287eae4a098eb0c4354,59.54350668,No
0x212c35d2fe5b5395a0e384d3ef0b5a5c34d79a27,1600.000667,No
0xf3ac6ed78555762a12e498de9faece69acb2d561,8.68E-06,No
0x93d3dc2f45204f887ec0b3eef96e56718dee9778,36.04018433,No
0xf04847ea3da18080b4096d1b1d16f969ebda4685,0.00021,No
0x87f39942fff768b99d648efb8800a3502204fff2,0.611977847,No
0xb60612590d1410e112ca06f06db4ca1f0827df34,0.000105198,No
0x77804e227c515443376f20f8fcbeccf6de7380e7,3.64E-05,No
0x3a89408e41f6dd7f1870fe53bee6f01f48fb1da6,0.000279978,No
0x07bb82c5abc6a8c25e849d6cd6298b11bdc15bb5,3.57E-06,No
0xcb72e4e3f54fbd31e4c33e6cc2495a39afb6b3c1,47.30596176,No
0x9fefd55674ebc732075ee6e361b696e891633724,3.51E-05,No
0x2b18901d7b76b7485357fc13f7565bd31e23f971,2.33E-05,No
0xd757b7ff351da9f501daab78707378bbddecb918,1.95E-06,No
0x69b516ed75d419c5bba957baff02c07d8641ef28,2.44E-06,No
0x3e2524eef486533fefbfd221498ff6a96530a964,833.3333333,No
0x73c02124d38538146ae2d807a3f119a0fad3209c,301531.1834,No
0x43e963487cd3599e8f58cfe9e34b2eed59451e97,1.977838467,No
0xd3b883e92cf00b7d6b47bf86273207ef9a234be2,0.000154216,No
0x87b165aa5d8af4e95d86f088b7f0ef067b70b225,1.98E-06,No
0xd3106a0191cd77528d52e48370b66a94c628778c,24.85714286,No
0x40a5ddbd38d938fa9da88625e97c0613f2eb2d24,7.00E-05,No
0xe53d3f6098fde7804acd5d068fb84675872651ec,303928.2155,No
0x22faf248fad0c98f1cdfdc23481ea6c6ec1a2edf,15064.94829,No
0x99aa4f42b3d94c64d6b83896e4cad1fe8bae4dcf,2.80E-05,No
0xd3734320b847b92a70d4ba20e7b6a83d4393d3be,0.162946442,No
0xcdf16a03a01071de6584cd104884c753715abe7f,1.40E-05,No
0xcf9cfd12e8b9d19734f74a0f029c16154cb4f918,1333.337533,No
0xf983696419852b943bb9f9636634718fd420e9eb,309.3333333,No
0x3cfb96b0d0f203cbc3b225ada8a4f39f60aff2f4,833.3333333,No
0x484bfcbacc65a6019943b2ba4bcd69a1a2b72e59,0.033905582,No
0x27df46ddd86d9b7afe3ed550941638172eb2e623,3832340.684,No
0xd736a385d0fc3085a6e3898663aa05964cb9b2dc,0.000105,No
0xc9ac14f458342d31e9ba7d36cb1361bb2152cc5d,50,No
0x81a757ecccc3cc6d3ee47f22bd255327b4397672,5819.528187,No
0x2e34041260c12ec98d1d3e2ccacea44b28ade8eb,0.000105,No
0xcd1f00e5bfdc2ba5eed6e6f99b789f27969d8dc9,339.666738,No
0x3692288778c2fc2b9cd49c7d364f8840e06916e3,3.60E-05,No
0xbcaef7e3d2c7eea75b2fda339d8467a75dc472d3,157.9600857,No
0xcad325df8300816ead4d6d39f742195a16233ad1,109.5800084,No
0x1413b00bbc0ae6c0cf057765f099dad2b584fc0c,8.49E-05,No
0x16f0a723220b3852182bc2cdb1e27fd65c280f31,50.00000314,No
0x5cfc938f972ff50af166b191e407440fe4aff9bb,0.000272124,No
0x71e1604d63a1edbf8a99f89ce4945bb53293a72e,5.40E-06,No
0xf522d0796542e8bcc16e99cd3136b00452bfa1c8,0.000280063,No
0x7567dee7d5199f03e1490f43e8d8c68bce58fff3,222.4214492,No
0x78529a5325a7cbfe0208a6fe99a829ea28b09946,0.000105,No
0x4b3f84e844d93cbc4b00768d43cd2403a7f823ae,1.85E-05,No
0xcc2a45c6d92ad5bc2300c8eea1e3e2fc23b4ed28,7.00E-05,No
0xa96e3d67c02422fed61c81a9045efd998afff775,1.91E-05,No
0x0f08a9d037ba3ced135cab651904f667ae932140,4.32E-05,No
0x99e67c7ce766163f70a6ea3cc8ab250fd1b519e4,68.33333333,No
0x77e18e8bf311da07f8fd32c4959ee118c0ce3b56,0.000163486,No
0x816b5e55d41ab5368c84be07125dade79a2ccfc9,1.50E-05,No
0xe99dc6325a6ff34ba741b7c8246f5beda60c17e1,1529.919841,No
0xbe23d6611df520a94c0faadb5ccd58ad69a24cb0,6.666666667,No
0x894aa64cd05b06002d2120a31a16eda61c5eedf6,6.75E-05,No
0xad178fbee0383f1b5dd4cc31aec8e080a46ed188,8.96E-05,No
0x956c561017b56fd56a052e28e82613139a053cc4,4.250883679,No
0x3d4fda729dced3a78b17642f79f49d065771e90c,200,No
0x908a217fc3da8169ba8792633688a3131759857e,4970.066644,No
0x2a793206ec36db8f060cdd07d18b4567fb31e056,2.37E-05,No
0xf371a4ae49f7e822a25314d48f33278724ad9de1,0.278972116,No
0x0824af5798aa2b17998a79190decca5948708f0f,12.85714286,No
0xf44885e6cd651d5b66401d9532c9f8386c8b6790,75.5,No
0x7bd219d37ab5fd7f42709eef881f9aa79476be37,3.54E-05,No
0x7f1eff7aacf2060f034cd962e507a44726488392,333.3333333,No
0xe759c4ddefe5ad592b2875ff6b2f4333ff5f117d,3334.666667,No
0x07a768b6a76d3381fb61a2a021da3580f3dda8bb,4.79E-12,No
0xb0fea1a58045072d6529614d8223bd9567516f7b,43.77142857,No
0xf59bca3e92406c78559986b0b576e3a246440a4a,2.77E-05,No
0x49ede2f5874e02e99942675948c6b0fbd3ab9ac3,3.38E-06,No
0x8c9ff4c8a08d2d9eb1516a5e2134e2dfe4c6d661,6.52938212,No
0x4eed1931ae3434bf580479330ee8cd5195e9ba52,674.6666667,No
0xd5a5cbb2c496959536ffe2a6ade24ddb0d837d9f,8.40E-06,No
0x4b8279e44eac5dab0d7e242a3c467aade992613e,0.000232447,No
0xbce6ed6f560b4d2ece69f3f936e32d72f97a0b1a,350.6666667,No
0x670b1fec4740f412c763f5c4a22c15c85bf57d07,0.004390898,No
0x158605f71d08a50f9fec5c5a59232348f337f3a3,0.000154062,No
0x70090ab5e5fa90ac9e88f506e7bf6e7ffa179ca3,7.42E-06,No
0x7cf497a6c9702e6f3f3361a9617ecacb698461a4,7.07E-05,No
0x92289c8e63a3d9118daf910015b173e583cca62b,2.18E-05,No
0xf137f3409657c4dbe297b26d7d1a3233a7272d32,305.0080404,No
0x74885d1fcc291aab02c83767b98281f892e7ce9e,2579,No
0x3cc4f5c467e200c71b6b8b9d287739ae3be2029e,6.34E-05,No
0x4ad41fb0f62cdcb5f81b7741554169daf822ac67,0.105228412,No
0x30e7e5eb11b86a0a11de0a3954ac7f9834c958b7,22.33333333,No
0x2f5f6ae6d1c4596088f0fa4efa603d61659498c5,675,No
0xd645b460dfdaa50b9274669b1f3868eb578d73d8,0.00011928,No
0x2d90c05758c74d0e893d9ce234f9cafdd56f136b,2.80E-05,No
0x99c85bc8605c7ef649858ef5b1d6945127fbf546,3.46E-05,No
0x1ed2d2b7b98e605e1a7ae1c3a01ecb2492b10fcf,57.14285714,No
0xd829d47cf0da9f6f703d76cfd816127c5fadd3e2,2.43E-06,No
0xe68d9c96c5a06b91ab5099e3f90ae4da7b8e8ede,0.001387594,No
0xe2dcfae7c3a3ba842d6c7d79c2e4c7d8f0f7606c,157.9796257,No
0x7e3f5148b67bea602087eaa40e198c3b1327b31c,95.05879612,No
0x3ac5e60b9f9e39c18dc0e6901b97b60fa6223d63,187.6666667,No
0x3ca0bf42f085be117d0ce8522919e2151a477cf6,1.00E-18,No
0x5f378cbc17ff41b1b75dedd6aaac3610cf2fc5fe,2.80E-05,No
0x35b62244c0a8cc06b6beb7fc8ac778d32280c22e,145.7142857,No
0x3c2dcbfdab6c270bcd8275007ce8bdbf2b96be4f,3.17E-05,No
0x37e46cbbe6675fd8e645ba3fcd42568d2c1e3a19,2.72E-05,No
0xdad9c389544b4e686430b27ce0e02a135b7464e8,666.6666667,No
0xc0f9b4d5420af6f47c75d3182f7e55b7fc391359,5.17E-05,No
0x552672befa178bb28d9d0f0161079a0a7dac939e,27.90585183,No
0x03d99d263d4fcc26c7106b33ca94a51661502b76,4.00E-05,No
0x697f2079037a8bf70e226692b4a5f89ccb90d579,0.003170808,No
0x996e64daa70abdb476f0ae8e4447c1a9148baa49,0.000264024,No
0x1e1df22c0ac877ecbb9aad9a21b1ceb11fa8a3ec,0.000171812,No
0x16177b03bd19a28d7e5bcf53ad7e510074c88d24,0.000168459,No
0x6b6d6c9f48ca36fbdcc6a184ac8dca977b7cdd9e,5.394425113,No
0x5fe20d3b20c9a8dac9fbbc0d7db02077e6c6d683,68.101,No
0x70175e5bef70476ef6f363c50965a30f3a97a130,96.66666667,No
0xf0fbe1806ab91469465becbdd9f822df49726d26,0.000293363,No
0xb5777c2eb093fd51eba854f144a78ddcf46b3fa2,285441.5941,No
0xb1a1550ea53cf238fbc6bbb18a23461400526408,25.33691025,No
0x47033ecfe823eef042f9baab15e9e5fa5f28d43a,217.3931987,No
0x42842c35329e504141e482cd0e30884fc5616aac,857.1428571,No
0xd7293a54e89065631cc77529abd631743e87ba42,309.9812298,No
0x3353dfa3427fda39e73c3198881b55aa5f7b27d3,4.02E-05,No
0x270cb3dce5b81e4aeda9fa8706938ecf50b42fcf,0.000105,No
0x8436730403bd21afe25b318c940600a80aea14c9,0.00012908,No
0xb6216befccf4d1dc9c83dac3581d747ac34e06ac,0.00030671,No
0xf6f180153792c645a80bdc49715fd5c6618e003b,10,No
0xece3c3a92d50ce9ac2676f141a637bbb617bea9f,238.4524833,No
0x8258bd968bb4aa08710a8a218a1d6eb907bb1363,1.23E-05,No
0xe41b634f643a8741f590a23304c0e6b1e1cfa811,1.47E-05,No
0xc6c36027878ba38964e4d5a60ddb20d09565354e,0.000520591,No
0x22840404d7405441f07cd226f358d72ccfc2d8ee,1733.899828,No
0xcde6f2942734b7895c1f2424724a563199076b3d,57942.00033,No
0xef2e3d8a6cac761f9dccd5dabfb241e3518278b6,29,No
0x1facf51d5c39ac6456b376f4830315f6c9171bb8,570,No
0x23df489e56303fd67e0d15b979fa4a3d5f7359d3,1000,No
0xe1e886d578b1ad32280b6c64ba52ed48f96c5b58,56955.42444,No
0xff67bcf79513d3b6ff8cea84ff38268bff2c8bdd,4.39E-06,No
0x0590f20a7f1b6799979d2d59d10242e1081d8d9c,8.586253538,No
0x1a652751c60b48da2ffa7719bba20c14b013f961,0.09349062,No
0xa8da995c5f5bf2ddc0f2579287b268d6a52b4733,6.58E-06,No
0x1526741ef7fcee10e4709cd0403b301683c8925e,0.00014,No
0x2f0b3e597518f27dfda1019341489dc062926a9c,5.04E-05,No
0xbc95a5b8caf376c3135e765a1b8dd015265c61f8,5.60E-05,No
0x041f997b485c968982947fd3c2dbc9e1d4584c2e,121355.3929,No
0x5d17f21cadc6cf4be1fadf4726586126aa9393ad,2.80E-05,No
0x85c7a0fe5de94c81d9bd06fc4d5ad96b511a93db,8007.590476,No
0xc1426ef920ecce5372c6c69ecdcea0fff61e8b85,400,No
0x313baf3d1473474d69bbe1d3f3fd986829f0a3f2,5,No
0x43908eccdde1dd6aac91890471876ab83a4f8245,9.899624577,No
0x3c456a12a96c92fc90313cb48db03cfa1d4b9d18,181.08675,No
0x3070d5794b215035957770104f7de90fdc13e3cf,22.59162957,No
0x880087ddd7b7c5d5eefb2f22a427b767da0c2831,57.14285714,No
0x57da955f589d54ca0aed006e1cbabe77fbe82d9d,150.5874228,No
0xe80070a21ac90a0522f0f3549ae3d9f5230f7927,9.02E-05,No
0x331cb7b92ac705fd94389ce667dbb3c0e5b55f0b,833.3333333,No
0x4d473bc97adf3b6bd48f28a80a495964bd67e13b,55.64330342,No
0x796c98c0401e9b0cd6119435ee71f1828cc7d6bb,0.00014,No
0xf7d170c6c72cf3a1e3a958565c7d7041ca578a9d,9.38E-05,No
0x9c36d259a614ee6c289a07e19e3c091f05fc3204,9.95E-05,No
0x464b43faf3c36468096c937cbc896c22f6bae620,7.05E-05,No
0x940c2d842932b3e2fa8784da5f6d4a043b99f9ee,11836.77517,No
0x8da81bdb0aed3d67832fccdb92aaa9376f25c51a,21.48858192,No
0xc63f45a1c950bf043bc84cb5b3c30f39bdf61522,222.8486986,No
0x489c4bdc25371edd4d8ea606b716893cd4578c47,4800.000112,No
0x65dee3f56a96333f9116e9d9a54c50ce38886cab,1.69E-05,No
0x0e3c770b5eb04775549d177d8db8f40b83797c25,4.08E-05,No
0x144c485fcba327f8e078b0cf082304ec4f3fece3,0.149770378,No
0x1fdeb560e78e89ec1d6b69dbf50b37c002532b20,50,No
0xf91740d13d1d5d5a8fb7b4f437beff9a80e953d7,22.68004168,No
0x99b290010b4ef6b41407715f62191a6d8659aa1c,1.89E-05,No
0xc6556716bc3a5f892f5b4446865c2b4aca2ed12f,126.4984894,No
0xbbccb9483ca91ac27fd14dd8e1481c0e0cd86d92,0.636390594,No
0x342349d165db8e5f426493443e313073c50713f3,16.32661857,No
0xe69fd29d5a7f488d82109386217fb7e3b370fb14,27.42857143,No
0xd25cc40c16ad87c7e64350d3be7d70905df42bf1,349.6738601,No
0x58f04d002817be3aa235e50d2a11b9923bf07abb,1.81E-05,No
0xffc78b2d119a9a47aaf6e3cab8801b9f042bba7c,1.25E-05,No
0x0325fd5c7d0e8e818f0ef71b2660235099b76046,5.47E-06,No
0x1033f3a870a6e065f4fc889eb63879badd8a1dd8,833.3333333,No
0xc587ce16afa7abcef03657ea7167f3d321647e0f,833.3333333,No
0x05f5dbc8dab07b96e094ed420c3b2631a73d719c,833.3333333,No
0xb0912cd89db651b05cc587cf66400d71a40e5e01,33.33333333,No
0x7ab4af5fabcb23782d0f727a47f990efa21e629e,719.3333333,No
0xb647c12d9e906ed112929ef7e6f94741c6cb42ff,1.74E-05,No
0x3355e761f7b3ba2c08ae0ce7b6c821122040ef0a,5.32E-05,No
0xe701fea0eebe348d9c69a06c0ee87605c4784068,107,No
0x40aac259eddfda6e367b28478ed23d72052a9031,312.8571429,No
0xc780b92c112da98de75f16901b55cce283a08e70,142.8571429,No
0xa1a036eaf3b83f09f636d6f1c32cf56e8ab9da96,7.5,No
0xca5c14bda6cc36a1046065b7f216f885e27a1a24,4879.619804,No
0x361250bc6fbc7f8aa80e70e339f3ea23bfd5d4c3,1.16E-06,No
0x69df86abcb7ddf93dd4276c54789dbac71252117,462.3263709,No
0xf5ae9d9e808c8e67238e2234328341284df03fcc,0.003873305,No
0xa673ae9a2b9ebe6a01691e0280130ffbfc61fc49,0.00012,No
0xb163f14787aa4511bdf9aeb0be662b9cfd30af18,0.116793305,No
0x423bb35b097f6adf22c5953feddbb04e03388c17,2.97E-05,No
0x62bbfd3df6268b067cc1d77da18ed444bd415776,8.22E-06,No
0x5c8ef70e0313004f79bd780f38575f899e448af5,0.376539407,No
0xc4cc50e4d1cba9d4b7c09a1cdab6e1d286f70c72,1.47E-05,No
0x301c1293a628e67735725fab533dc93474841694,0.000172607,No
0x4c7b7ec3686af1270a3473fc592406156965b6e3,2091.127325,No
0xc1e7f3ceca043d21774495d2e814e96fd3d522e7,50,No
0x62bac93b4626fb2bfdd11e239e7e2cb672557e5b,64161.03482,No
0xa720596a5e764753e3f7706be1b9ccce997af734,10,No
0x12e6a73c18eec76f46e8b00ea8027549a19ce14d,52.83230673,No
0x0b6ce8b7c79b383562596ec770bbfeea1172740f,6.00E-05,No
0x167fb30204c501444713f3fe87634876a3c135d7,2.45E-05,No
0x6352cbdaaf6344209e5c97a4335b30072df008c6,13.48484493,No
0x3cb0173022c32200d159dd99e6be136923192ea9,3.60E-05,No
0x859772cd108eddf5dce8e34950b4607cfaf67b93,200.6666667,No
0xf0d22c98bb362ab8c38ae4098ba9088c988ff52c,15.01340476,No
0xd6774d4be0cc524e8350c82ae0b76414faadf657,0.003456378,No
0xd61f89b1d59354fb15366fd75c77846be97ba352,0.000466494,No
0x0afd83f74ff9b42853e73ae6b25464e86756a3a5,4000.000756,No
0xc9e62ff734f118bd4224e8ad06d41c90275e1645,716.7619048,No
0x811d9725bbd88636b99c7a5b12adc84482b46045,1.653173094,No
0xa6b20585b53ee8db79b3dc646c1d16b26f74c432,66.66666667,No
0x8ae593eff4c7f1a49e7814b69636bd353516b6f6,33.19333333,No
0x389485fbf4c41c4975410fe980aa21aa8d81b4b6,18.07714053,No
0xc541379b5ebc5453a2b3bee07a990b84344b0c32,2081.337244,No
0xeba0db97ec85ef23049af7e1270d7240df4bb59f,9.38E-06,No
0xbef2d3e4329f514ed0e9ad4566710fff9834575b,436.0150244,No
0xe83330bf2ecee4036bdfbd7ff7806739ef523384,0.000277875,No
0xb752941b4e36bfd89283467883f66068b9c2fbeb,1098.666667,No
0xe35d818e5c544a202abe38e9d316aba291cf488b,2.10E-05,No
0x3ae5581ff5016eab62cb7224557eea0583ab5f25,13.33333333,No
0x0ea740f5d4ccb267826409c8636cdfb5a3077f23,2.987138823,No
0x035aea40df83eb8cf6ef4e82ac3d13aa16434719,6.00E-05,No
0x5cb6eca18d1514300e3f7a49334bcdcc4d7c3273,7.00E-05,No
0x1d40f6d3f3c8218964de528f234c020800488135,2.60E-05,No
0x4f4450f02a266c89d6d68bb706072ad44c21d44f,33,No
0xca9a57e10e09f352bc52b8d7dd68a6c521bae091,2.95000987,No
0xec991b6feebd67285601b0dfc4beef86a2af991f,57.71428571,No
0x324d1e3ebef86cb5887e3033c5111ccbfe9d6e79,233.806346,No
0xb449bcf9e0f25c79d0ea6b2cb4d64168dbdf546d,4.37E-05,No
0xb76f37130620867b3657993e8c9f71fd4ce907f2,13.33333333,No
0x1eda024f058c97358372003589ae9cc933e7b685,0.000356609,No
0x9e883b3c996e9a1b3593a66f1338a1a2f93cd34b,8.54E-05,No
0x4324cb6033dc536ff3d5e80be84e59940ebfebbb,3.00E-05,No
0x451d75310ac169921871a6502c40ea231732e233,28.57142857,No
0x5c33290cf54343baa2c9037680f09c910fa816d2,0.000131211,No
0x0d60d42c007c47949cf659f12545d9912bf88c76,1.651949345,No
0x6718494ad506b711f815b765c3b351854cb655b0,7.00E-06,No
0xceffdd986a4610f263314b5e96eb6675936256fd,1.07E-05,No
0x4f5b25adb17e7bd4c48fbedd7bda4444072a14bd,1.25E-05,No
0x37c5fae632c97dfc6ab83a65a5e9d920414d0217,0.049125982,No
0xe7648d2d5d0520702fde03a0253ae8ee9019ef55,0.03899349,No
0xffc90c348b3b398626a388732be95b9283531912,2.92E-06,No
0x273ec095fe4c3c023b6e5d3dcd3642af950ac930,20611.89091,No
0xcece1cd2418330baadd77febe7926ed7597364ca,1.830699718,No
0x3aed6fb77db0ca68f9c428e2f718de592de6c30c,5.52E-05,No
0xafeb6388158263744eb9fe966bb65e7676e98552,93.72095677,No
0x6114c13381699e944bc5a7bb6cb58decf565c987,7.07E-05,No
0xc7c7e4ac0fa13b17dda6a51b0d3a6009a8b91563,1852.601491,No
0x4a2fefdfe2ea271d401aa934e4385bf580f774f1,7.00E-05,No
0x1e21bb5e3013a8fc3e805271463f9044b05b6221,21.33333333,No
0x89666edb7318ae35fee1459c5d7ceb23f1fd2e9d,0.000344219,No
0xb0346ac5676e031a55a2842aaf068720f23fc0f4,7.00E-06,No
0x9b9259b110afb32f530271e0a8172a94257f72d4,14.9895625,No
0x111d68f722f689ecc5a1fd92c3b13d666751bf8b,0.459248262,No
0x705571b506c8287de6e40e769537049dd6dd8835,13.2,No
0x566f53ed81935a8b7fb5815dbd4eb3ec9e9c76e8,0.00013494,No
0x1582f7a2b7a01d88e3962792005b0694b9301f9b,75,No
0x47340123e0b494d1bb490816b4cac53a3d72d2f8,0.005213909,No
0x1c5b1d681435ddb9244139f03f09e8ce18a4ac70,0.001724661,No
0x92ec6c86c47fe4f4b74f6754ead7bc4a68336a9c,2.52E-06,No
0x432ff38bf48b6af6cf99d5ecc041b8edc229368a,7.62E-05,No
0x962cdf13a2d78b01774776f9e27e743f7ff9d04a,141.4285714,No
0x12302e27a39f2efcef389fa5a236c96fc228edf7,3.676,No
0xac802e98d25ec02ff4be787e538eddf40c7c04e1,7.20E-06,No
0x043f228e56b692d88ee77297ef0ba489ed11d6dc,5.78E-05,No
0x979f8b6dd6a9cbea07d49ee504bf60d7def20f7d,30,No
0x8841dc7344832e9a35b02e87b9bfe78a1ad9e435,22.04498539,No
0x4f4b8d21f5690c00abebe8f5b2f8db421b275783,0.000218017,No
0xd1f68f599624a4f09ac19d0247ab75935c3315a1,29.82430534,No
0xecea5a323b07ad169afc44e3566c02105b1b9c17,2513.344522,No
0x60ac04c1019558ca8536fa314aeae9e6e1a2ae67,285.7072882,No
0x668517e8d653a20787cca3fa6ffc735f4ef8e2ff,41.33333333,No
0x911a20396e64ac47dab0b1c378c003247523a87a,2.64877349,No
0xac4d421512fb2037ddd130bef9a58648052c3abb,2.398021473,No
0xd65b54bb7aaa08d377614e40f1bd5d120d51d423,558.6666667,No
0xcf3ff972763b8a3d76fc4c2a9c984edb7b6a64f8,2.77E-05,No
0xdbef76a123933f8450bd4cd15487837bcea83078,3.24E-05,No
0xeaf7057423f7758600a5f8c1de8446068803771c,1065.6,No
0xcd287366ba194c5aacbcbe374ed67cb2fa56ab82,14.28571429,No
0xdd395dc340149aba2d64bcaa256ea56b9ab99c64,6.44E-05,No
0x2ba989a0c7ddeb1f6f24ba138b39fc602b4f0cd5,479.268,No
0x63dec9dff3f7890c3d930b5e741f66c9502ec9de,5.60E-05,No
0x6f808c62aa40a7e6e031ee189ab09964f9479ae0,1.43E-05,No
0xfb9749e45b2373dfa252cdc62865a91ef8fafa8f,81486.89849,No
0x489d36bbc9cb1201a18e42b653b59bab6cd5bc0a,16.66666667,No
0x6fcff2ddbc48d53224b62cd4f96bdd6b0f855dd0,794.6666667,No
0x315ce73abd1c6fa50642f310dade6b688b6c6431,1.003097556,No
0x75cea6cfedeb96d4722228a24683ef2c20e7b00e,60,No
0x0b8cdf6c8fce44bd4a8049ba5326cf6903824a04,88561.46046,No
0x32340c217793cfed85e8382000a0ba0a120a227c,253.7461155,No
0x15075790114b1824b7fd5d1f8dcfc4e2d777b447,0.666666667,No
0xefb6ae06b48f03cb939f0eb5654627b83dc6e3ff,445.7142857,No
0xa2ee6cf3beeae278dd737d72a93d09da5c245486,6.93E-06,No
0x2b92593e8e2cd226897b86ecbe26a105ec3121a0,0.070356211,No
0xb9f0033df38f2f492143776d94301186a6bc11d9,264963.2694,No
0xa3b01b040539e57125b1c58207cf3ad8eefa58e8,466.6666667,No
0x66fcb32a3937d09852aece8ede489c53b1f38dc5,2008.30927,No
0xa2d294ab7c74a12fae4945f79f02e8c0f448add7,0.977426246,No
0x28a9833651220bb63fad5b0e3794855e2c7bc2ec,67.26666667,No
0x92960c3b64b06bea7fc7b183f2b2a42c3450d4dd,0.001734313,No
0x73ff4956ba78f279637a49ce07ab8df68d5f715f,4.06E-05,No
0x3d9163975fb9beadd4d3466f89e038eaf2ced7af,102.8548614,No
0x0c094511466d298a8a2dc2d6204aea2447d7755b,0.054242272,No
0x96c70e4d8beb0c8b801bca9ba4937e6c622da205,459.1624833,No
0x0c3a24b0ae902f2cedf7077c024bae7c7bf6bea6,20611.82709,No
0x2c61569026ca8da02911fd991d2ff695c435d031,9318.301368,No
0x522e8eb2ec3ba5b08b958ac7143faf255ffa33e2,0.00014056,No
0x286476ec93f743c7fa8018be31fb77555ffe0847,12,No
0xa4dcb7c2a285d8c75513e5e9bf4a86783b24f78d,180.952381,No
0xeb293f8946c210f5772f544b87573f1394130d6d,11.66666667,No
0x8cfc3d964d26e858d052c2256767c392f6088217,66.66666667,No
0x4925de66fa9f53aa69421ed92b4d2ebc13a688d0,533.3333333,No
0x284ec15a09627275122a5493e1dfaf686982cac1,4.33E-05,No
0x18d301c6e31e77b7cb5c6fc0ddc01a739526559d,833.3333333,No
0x88fb9a73637817ceee100efb61ea1ceaf177dd62,285.7142857,No
0x9eae4c9d02fcba0322c82a1ec271a10183baa157,33.33333333,No
0x8aa0a1c9d2f6ee5802bc62f12af73922dc700b94,2.10E-06,No
0xafe9385414a41d429e96951991676f60c2af5792,6746.458343,No
0xd7f8a1e2a7c2fba88377fccd6d25e18afd107596,397,No
0x15a5ce7d5340cf9aa51f5b4cc097ec821149a2d4,0.000303944,No
0x453abb2634aec50073177a6a684631a5cdd7b896,0.000503391,No
0x83c6ec29d2bbb1a798d4708c8d6045287f39d171,4.163678698,No
0x19b37e09821848dc54b6160c7236a321a2872303,180,No
0x357ff4cf0f1fecab0c2025f07490bfab03f539da,3.51E-06,No
0x6c80ade242cbed1bba3a4f78bba5e7f5a63c4f5e,0.000140245,No
0xb5f6bed8c8592b72191a11f979963ad14b40706f,4.00E-18,No
0xd10e373f731471099c155375bd45e017d88955fa,2.16E-05,No
0xc307b9a008466d658fd0e6c11e86cdc95576a8a4,9.13E-05,No
0xa0fc30d2f795f266e3d996a90f4f3666c99157c3,0.008613368,No
0xc29e21b8389527ae7fc1ef913ba7971f57ce598b,0.018620827,No
0x596514ca2ffe56b96bb1b59c19b32da781ddd934,4.40E-05,No
0xa84c1b89d123343b19ce72ba0a9f1e4331e3a7a6,0.007096448,No
0x0a7eb64b0d28f3a8c7d8d7b31e8b468a1fcbdcb5,2.85E-05,No
0xeddc156a059abd69138ce3ef25e2d884fcd3c87a,1.70E-05,No
0x31fedaeeb63682fcd80f4425cf346433b362d074,4.29E-05,No
0xaf0eaf9edd7d66703b0a2f8e7c350b49cbe88692,4.35E-05,No
0x85a10142360275094515a9be62fdafc8dc2c38b3,5.735361728,No
0x1f79216fa1386d9cd4ac73a72ee5dadbac733e22,3.01E-05,No
0x5b8aad9e258b730ee8d081a0eba259a6a2127642,1.47E-05,No
0xe52ee8008c02d3dd60223456442d746eabab1c2b,63.27128811,No
0x7cf00695d548e791759ec3ace203f7794308cb76,1.57E-05,No
0x4bd805b6824db2c7605e28933d4852cdf1fd7446,4.209026335,No
0x0cc4887cd2e7eae2aa04ef6b0c1025a46fb1bfcb,0.001104561,No
0x8a120d28f73f419cdba015b849625985a0200c94,70.56708527,No
0x6b12f0fc84651b7b98c843ad81e4f73ef3840d32,9.68E-07,No
0x0f0d71160bd721b3690ca4805589de46a0ee5b5b,1.41E-05,No
0x8f5462bc8efb51d9c4bf151ac27d2b6630b475c8,99.90016156,No
0x348c7e19fffb69fd9217c7296944e12cf77a996b,12.69626008,No
0xece6b34c33c24508230c39ef627aadb00385adf0,1.92E-05,No
0xc096c8b0ef1103b359b2950216da77a6977eacd5,751.2275389,No
0x1528b4ba3a2445b16a03d9c481acbf7d51f7d8ac,0.005160664,No
0x2fe691560844f4e81aa6963e8e5e957d29090a33,0.007647305,No
0xe868c3064b3ec6385b0e54142a5dcb6b1d825054,1.477907129,No
0xec08eff77496601be56c11028a516366dbf03f13,0.021565271,No
0xcbe54bf98cf76e36387984bfb3da6389e68750b6,0.001843117,No
0x78a9de5456c0dc0dce0282a595a0b1ad8a49e2c2,84.33333333,No
0xc58ae2a59003a30e968c4a3c48205b8bb3630ad1,10.81638061,No
0x571f32b55db744f99cd78bb1819ad9e317c97d42,0.000507685,No
0x6e01cefabbc8ef4d15ca15fe9c8cda5892b088a7,2.98E-05,No
0xe3cdaf368cfce5be850719c886d52ba6838712ac,756.6666667,No
0xec0c6142a667062c9cd640e36a3779d82e5d0b0e,28.28571429,No
0x904ba0307edf65c85cb11a8d249c6bf55cd2b6ca,32.85714286,No
0x8bd7b595a7068c5929b80a8523cce264d5e3be28,1.12E-05,No
0x509abbe0321b836244e0b5acce175e888fb68c6d,1.508710411,No
0xd4d72f10b0878b42d82fb2ab533d37c6263f33e3,0.000281001,No
0xf5868534806ca202c1fe302ffd95caf9ba3b2bcf,6.47E-05,No
0x6dfe36d3f73257ef3f62e30280d97e8b9b18457d,1.40E-05,No
0x6423983e5a1ce848e89d531a48f0aeb36fb0d03d,7.49E-12,No
0x6190262c62573b4707855914f2d075777cb01599,1.06E-06,No
0xbe7a058bd89e3b456b190b51541ddd538ad31864,0.001011642,No
0x2e2dffecf0b19134b8448c5e3dfcf3f603e350b4,0.000205989,No
0x3d3801e6feed0c3bdddc98f8a8a9959eba24b4f4,72.82771429,No
0xc0ddfb0b5f49b0539ef4d543c4e50bd5e8d6003e,0.000313968,No
0xa78b15874af53dd681a615fa005d4fd41286e89e,0.000815199,No
0x77278eb91ea69ab760345420b49bb090e1f63c4e,0.047330451,No
0x9e2cf9728d45b0c6f19ab74b5fda630122bb97e0,7.68E-06,No
0xa228a5950e79c7a89f836c34d34ec42b80e57499,4.93E-05,No
0x396f1690ba7e65ef4bdb73087b5cc03a1609b41c,8.40E-05,No
0x1eb7c4c104757d6485d9c3cac305a22443b909ac,5.36E-06,No
0x5dddb9cf8c6b24dd6f89ff5ca9a004dc05489c35,0.000189497,No
0x5adcd1a5ab34202f221fe87462da4552eb55cd17,1.58E-05,No
0x273ef6375d6e93bc87dadccd1d6ced98e0f8cb4d,6.16E-05,No
0xf8a631226699a9de163633a65bc6f1ba95eccdc1,2.92E-05,No
0x1d8d8c19022c4e895d46164c57662a1ed6b7802d,800,No
0x321a7e3dbd6ef0ba303fe61622f821e6f4fe4a46,0.99928119,No
0xefbbf48404fa8977ccf6ae7ecd6d7100c416cc79,0.000658,No
0x46bcd0fb311a0c20b6cec8d33b75ad9e33684320,0.000147668,No
0x22760d3ef382d0cc1622dca9b844e6941735a97b,2.587050635,No
0xd2d549f543aab8508820bc885c0f4e4b970c03ad,3.621916514,No
0xbb566f649780da4e8326f0bc5c581655efeea04a,16.66666667,No
0x970ff44cff2b46d7fc854c9cc31675a2a304269d,2.82E-06,No
0xac904735898a79b2ee0832abc7d1d8d556a225af,0.006150025,No
0x58036a652d493e1de7b2b5d5860e8f4eef5b6ce8,1.12E-05,No
0x862a3fca37413ece95eb317daef9e270f22f8d23,286180.3086,No
0x56f4a86a0e05128b9f6a9e6c18fe248309014165,4527.992558,No
0x76249690dd3993cb424557c0b96ec1414d41058b,3.00000063,No
0x56e6d29067e1cbb9a5558e1ebd962da0da9046a4,3186.773807,No
0xe813dd3321cffa4f27e8f31ecbba3595c70faef8,0.022651055,No
0x09b56de5dbc54ceab94128381d5c9a7f07000905,79.92,No
0x3417e0d4dcf131f4a8f99099683a9546ec759920,3580.06836,No
0xcb102c659e84fc99624f0f6d3eeae41d35ba9476,1119.20229,No
0xf57bd628e2776691242140d14f42489683895e41,2.73E-06,No
0x69d06ad9c4c353c3e803d6d8cbe1390b61fed5b5,2488.670274,No
0x8ad0e2d4a9727959b469a40af9f7755175d39f3b,5.67E-06,No
0xa8e6eb7c4923cb9dc40673d5b13cdb0baeb337b0,15.52587341,No
0xbede511a828c3ebe43153c0cd01fadfb6efe7f3e,299.9999404,No
0x12fdef829f22e717bfadedf77ca3d9ed20ba96b8,2.10E-06,No
0xfd061ebc184b8516a4d53de427fc540650954649,0.74385763,No
0xbbb73aa47c398f35a7366a5864e2c873b9cad1a7,16.66666667,No
0x8b8f13f5bd82078b4defd47a4e2c79e1af90be27,6.00E-06,No
0xfa04fc81122c8cdee26638413d52e02ead85e4c5,0.003670095,No
0x54c1b80ec515d3b4151c8dccbae53aef2ba2f5b8,58.35839587,No
0xd0ab6d0416f60ad32033d206963ac606a0ea0418,0.000330039,No
0x669498fbbe9fa2cda28f7eb09bab73a79507d860,2.36E-05,No
0xc2c8b730a38837a3e4164043cc5f776fc9cebcdc,9.68E-05,No
0x60961a2a9a6508bb7455d199ad46de6864289999,3.52E-05,No
0x059eeb25836be36d336455eb462d7d96f52e72a6,1.50E-05,No
0x4320cbd95f388906de09e443e9eb867bcad41eb2,26.66666667,No
0x3c1a21d2bdc48e2609bdddc587f00ebf7b10480a,1.80E-05,No
0x965ebf1571213d776d93c44b5db458b077dee9b2,1.54E-06,No
0x28865013793113b4df114b27e5f8c713df3b44dd,0.000612909,No
0x7583480701d5c8f736926e02398dad26868ac81d,4.17E-05,No
0x35b94f0e9aa2a93e1617ef54a586e1edfe193a32,53.24177259,No
0x342fb80b04837754825349ffd551a19642bbda62,0.02059003,No
0x9c43258a7df43255db871b6237fe6f03318d4770,9.10E-06,No
0x53d80552a98e7bd9bbb6b460f4aafacaaa1eb0af,2.75,No
0x52de77d5443fe553cd0fa24b4a0f0d42ab9fd3a8,0.055924378,No
0xf1f9ad0a34786e48e470a9983ce32e5da6519803,20,No
0xea89bf22f039bd59c516ec617ef2a5a3b4b084a6,1529.783376,No
0xb9ad27eb764b29b15ceaed821348e3beccd6f7d6,28.57142857,No
0x5b3e65bda6bbb0e108959c3d4fde07c46da9fc86,150.037486,No
0xe3c7230396220c4beb0e623eb1c176df53dbb877,0.004200002,No
0x66fa45f7b81cfb3e7e2971309b334b757b7f84dc,40378.81959,No
0x3f2dfca55fe5acd2f1bc970354bf0cac7a4e980b,0.00073281,No
0xf0dddfdbb6c1595aa846b32616afdc5679c74c85,5.23E-06,No
0xd3e40967eb547731aae8376731cd37f01c6c8274,0.000148785,No
0x671509fcee58532936b4c4038788c21171076d7e,241.6422705,No
0xa77e6f93945c1a9e4b1523af4092191ca1754a7a,0.224087239,No
0x3d2079d74a574edf5a7e03cf61084d5524883372,133.3333333,No
0x65536791629b07fc99d6ba99294d1a3538e72686,3.15E-06,No
0x4c9da991a9a91c161f3c194d617ed7016cda611e,114.7142857,No
0xdfa043dce2aba39b5cb360c96c74309521bc9fc2,47.66986849,No
0x8da25e7077bb8d6179a21cffd56b85e897609580,33.00713737,No
0xe9bcb86194971ebd8a1d8fbbe94e4148acf47994,10.70058149,No
0x3b487b615b044d39515de9ee73b7d2e574cc458f,342.7601953,No
0xca354c6a5e1973d5b7ffeaf28032ff46353f7777,0.000175,No
0x84e20fa92ad10cb460f621d10977410509071e9f,0.000175,No
0xf692e34d0b5f4dec8a8a3a3b6313dffeedcc425e,51.20325126,No
0xa51c28f90913d521c945b2b2f6621347e840d38a,3336.666667,No
0xe0354a1f22c9f6a364f3bc7104243b07ef3d9b36,334.2857143,No
0x35fae20e1d7744785e11c19e56630dfe20254932,26.38095238,No
0x1922ec03ecc13b07011d223a8a0bb3a208418a45,73.33333333,No
0x0650152f8d60be25bd5e95f523528a090fe58d1f,1.42E-05,No
0xda10686ac9e4abae44521120c7eb09c37105f35f,1.85E-06,No
0x37e014215902ba306da13464a613f2e38578a6d0,0.000104901,No
0xe7133fa7031821f3288483beadf5600f811325d1,24.26838571,No
0x7b7d8c13a1de408be347380b531e3e8bbabd825e,38.57142857,No
0x26fd7384ae47cd59c6f041bc22f777f44154bb52,0.000330462,No
0x856a84b2d8856cda2ae9c903891aad363f66ae22,8.40E-05,No
0xcdb8eecf1353b2811a37bcc35bf0b31a9e188289,1.37E-05,No
0xe58f90678cd163657982b733929eeaabf9fc1150,730.9536365,No
0x06c79e47d51860b36de6f4dcb520165c5901a18f,13064.84787,No
0x425f426d07dade808140f3818976bffbf343fca1,12.15569823,No
0x4e77d972c52daac73a589109aecafa091a64251d,1.45E-05,No
0xc1636ed721064ed855bbd1bf2b5d116a7ee71cd9,61,No
0x7d2ac76238cfe399b6c29fbe83dddac77e96e270,0.01665005,No
0x1dc4d8e42c85e2f2711a4c964c915177f31a7bb7,8.857142857,No
0x65ff268da55d358d57157881b91bbd0b49ebef33,2.546119696,No
0x3442ac5ba78d14c5258b7ebaae971c2614ecbd3c,0.996403064,No
0x3ac1921701fd9cf3cb02a89d986c8bebe916dbec,0.000350002,No
0xee24f5d9fffe78232d550d44389f7bbcd44a8f51,17.42857143,No
0xe4620de781187432f2d3d001ebe21e10357c1e60,100,No
0xb44749166610390d3375a95a2a84b9b1d1c9a359,665,No
0x9177a583d7603655b4ddf2b6f8bf8dc710ff12dc,6.04E-05,No
0x353c66dec3ced6f85fe55c4086be32fb254f606b,365.6666667,No
0x33c4296e5cf9e8dde73911aeede936489798cdce,0.00028,No
0x09bf7a70582d048992b68de07b51b58e49872268,0.595551488,No
0x1d92070bcd9a4b174f42ebc333bc149279257290,0.001651797,No
0xf0f9a298b96e645e7a96918b5bfa99bcc778a9b0,36784.73308,No
0x3a9520541aac9069b469c005dff93bda1824415d,2.67E-05,No
0xfd40ab9aa7588bccb517310516690dd9bce7a886,101494.2619,No
0x56f5304e9f585b261ddaf471d230b99fe53af5c2,0.85788219,No
0x3b3da86896db301e1983e6bd9b417beba1c59e56,6.681359489,No
0xcf63f14dc27d195e80bc97edcf03ddf34cfe2f3e,2.54E-08,No
0x4ec38e6c27f5919fb55cb1042c4871755ae7ba3d,60.66666667,No
0x8ac458588444e4018ddb58b7f3080496f7986947,10400,No
0x7b77aabdf3a029c4c545a2abf36a85420978d323,0.012204829,No
0x005dadf951c685303f64469e904f6cd34d4757d6,0.143618675,No
0x6d41d41747a895e77a0c9c00e96485dcbde2b36e,14.01724114,No
0xe276d01ee1d5886d7f169ba9f0a5cb26845764e3,4.7950585,No
0xa85819617a048287ae2f5ba42740d7d71c9e439c,42547.51458,No
0x5d5addaa1a89ad63f5b868fb267b7ce2685491dd,0.000316148,No
0xd7d5310f03ba2b386658b5d3c8988ec7d7a3f0fc,22.67347571,No
0xb3309f149345fc78607958afb5eb935310a07b3f,5.56E-05,No
0xff96f3be084178f1e2b27dbaa8f849326b6f6c4e,51.27342595,No
0x5e6a96597f9fe4d4b19bdc0dd05ec76e91bb341f,3.53E-05,No
0xfecaf0d5551a0a9fcc58d2d30aeaf6f7ea965609,9.402751681,No
0x1bc5ed7a3d5770cc2d420f22cf3b4dd10d4ddf1e,1349.878752,No
0x8e3cbb1a3bf3bb24140da6204da64f32275a9577,4.93E-05,No
0xcbbd876a00e14c5c2599ecea0f60c3c643277414,2.857142857,No
0x543ea836aa5c465878116fdaf247b265265ab064,24.714315,No
0x07ef06509e59145ba8c1c5f394a656bef21ed4d9,0.000246326,No
0x6aac1bc25850dcac441bb2eb14a9d12ac9f0da9a,1.212479812,No
0xb124708a3949de4dce98c383aa6b775fb0eb059f,472740.3,No
0xb8652e1e6ea787e48497aa841e45d6594ab0cda6,1.1182005,No
0xabea31f0b228dd92c5279c9cc4b4c0fd48f030df,94.95238095,No
0x84ed3ef14b58d3d3b83d62e08ffb737de6eff1eb,0.000182,No
0x4a890812b43e40a29bdaf902857ae9943ce43341,20,No
0x1f55a25b669ffb5b6bf237c826557caccef38b29,0.00588994,No
0x2fce9dc1be6d631003b7265cffce7dba31104961,333.3333333,No
0x7283921c015d7f5548e7f91bb5bbe6b72a16fe2b,14000,No
0x68fff469540da3c263379dc88b8f905765567567,9.13E-05,No
0x8bc945b1ef5c30d80fdeb140c3ed64f8924605fa,6.58E-08,No
0xd22a5ca9ec2697fd634f38876572a67227729b3b,0.72074284,No
0xa734b39970c7b5a56a94dc1e51af653ed96a2cef,748.4508,No
0x87933c3eca70161854dd8b155c4b190ae61c89ac,76452.53484,No
0x7a5eadeed1edafc9d30b38a3d17206d686b3ab41,8.571771901,No
0xeabf871722c420307e0b164b0b954c21acb24ebf,0.010967261,No
0x48e3d8c5da4fc06ebae5faab5a78d08c3a8c4de4,1.54E-05,No
0xfb50b58a32a6eea64c9a5507532013815a586479,1173.869916,No
0x5abefb43dd981de409e58b13d7ad299d0b6f693f,0.005541973,No
0x7ea4ca913d0208ee313b81547d191144d8303112,3.17E-06,No
0x41970b6781fbaa4e02e15ce99274fe806b125534,66.11886799,No
0x4ffa26d0c5bf572a599cc77e04703ba93e4863b3,0.91682223,No
0xa1908911a7e11ef5900dee0154276f93e3baed8a,17.14285714,No
0xc12bebb32308bcae656474230b1525df8e8c542e,5.142857143,No
0xfeb670482124ef667f89954a58678c88d6c2567e,390.159527,No
0x312c806a309409f91f4c233da0bdb61454bc3396,0.37040893,No
0x7737f3db2efdbb7aca5e29076f552242ca2a882b,1.51E-05,No
0x96c195f6643a3d797cb90cb6ba0ae2776d51b5f3,0.746043758,No
0x4352533fa1ab8cd24a96ba6ee3c5a0beae91ca91,1.35E-06,No
0x6ab5c2c4c21203512cf4df631e75be846834abe2,35.89527765,No
0x9fb3067dbca20595a2d4d9703f8b855924069346,2.99E-05,No
0xcdebbf01f67bd9860d9ea0a6fd942f84f3f7abf8,0.000187329,No
0x4df928c6c40c51f36786b3c2f9cdceee50c8b966,4.46E-05,No
0x697cfc0f670d8ea0c9ad79a89a00354841c653d4,0.00014565,No
0x90bc740415877b5b868970c28ade1cd3cf852700,2.22E-05,No
0xb4171dd5c424333324b8a04ada25269918e98327,52.67024336,No
0x3bf7c40fc57c764799fc61bf0fd7eeec895a6476,0.000142065,No
0xcea05c6bc3be23dfc3ff1cc612df9f749959f070,70.20691281,No
0x454c00e03f0c272959495a90e8dda121b34df54a,69.45326786,No
0x22c16d89d1367c602828ccfe5b1e469d3414435b,6.16E-12,No
0x7ddb2ba8bf35a9d2223e4734ffd5f4d4d2cc4056,71.6224059,No
0x3d0e43c5d3ba718661bc6072588e1cf6009af10c,13.82874424,No
0xec30ebcd5864273b47da73fccf1015ca5759e943,139.902,No
0xfd9aacee3c785d06eb6303e94ada24c8483b0362,0.015296075,No
0x8789e43c242c55f99def43406bf3ce4bc7d3295a,1.86E-05,No
0xe61fe27d8a254398344d5f6b7f9f17124eccc2af,4.62E-06,No
0xa99070736e8fc3493bc2e49519a14a0a5f79e27f,0.000155942,No
0x1cdafc0215afa0acdb8b849ab578c53fedd365cb,55.71543328,No
0x738512644257bd9269369322d18a0d92b0a64a2c,1.02E-05,No
0xb15c98f0e4669dc9111c1ace10f5f760f2bfa83e,8.69E-07,No
0xf1e65eb824982637ca3439102dff3c902f083b16,11.88361879,No
0x8e844aff5d6f4162808815d49e7afa0959a85e0c,3.11E-06,No
0xd0afa11c560326a09961a3b40e86e0362138a956,7.19564715,No
0x3f142fb98d8c34387de8ce3a7fd5a6d3432ccb02,28.36660179,No
0xe93a2a9e42a716fa0eb0e3eab0357939c9bbeec9,4.20E-06,No
0xe7f1ecd2973b5ebd504889954ed0d28992179d84,6.93E-13,No
0x610919516b950d83d75f04a0bc3b1a54d6acb3c6,28.81513183,No
0x0059495791187579aac23edf20a55d6d2932d973,1.23E-05,No
0x0a647d48f4f1eb5ef8cb1f02073d58a925563728,2.378846117,No
0xd1349b1e927cbec6b5597b04d6d8fa27fd3b5a9a,34.34103518,No
0xb2b5df419b2094a7773cf71038adc6b56cd1f875,5.76E-05,No
0x73faf3d86c15b9032eac1257214e9b8905fc4e4e,0.000140388,No
0x4b82bc5a8312654629a327cfe91fad62c8926c3f,0.000401266,No
0xe2d5b6bd49c4ace13178eaa5973f90bbe972c11c,0.000367148,No
0x4f461a6b08ec763293f2fc3398e4dbcc531d317b,5.25E-05,No
0x088cd81e4b050b0f0eca0d163b457d590ff8b43c,9.99,No
0x7df9dd93c02534361a8d4297323f82d3dfcefa12,630.6383333,No
0x2a6fcf5428bba286e5efd1472b261de766d74257,1.15E-06,No
0xc343bda906bfa6e42837b21bed58e675db4ac894,6.9406524,No
0xbee108bcc1b55ba7745f356a9a8ec19beccf793c,3.13E-05,No
0xef029c4c9f5d266647108c33a164fcaff0d5515f,0.254264295,No
0xf75684daf022e00b99a55e18bf42d79abf125416,0.003932489,No
0x455f848faf735176c651db3eeb5c1188bc6e88c9,671.6304589,No
0x8b3fd3e8b5afeb516638b29c5ba6544c5b013e2f,165.4453333,No
0x54ea83983ca8f8709f599058bda53f0e8b7b3ec8,0.000910492,No
0xd9ea22303ca71c7fa34c3a5f30c47dd85ffb5914,60.33333333,No
0x81eb692b7064e3f95fa1283b69416c31239fc55a,66.22293406,No
0x8975b390e210a188e796f06f28116ee8812f763c,5.93E-05,No
0xec705d1d48c41f62bfffff751d5dfbaeba4b98d0,28.57142857,No
0x5a187297860980638a9dab0c545ab89792737f01,0.000210086,No
0x16573a603fee8d87d60847ee9a2b933942514554,0.002100128,No
0x359954304d626c200edbb8589fbb67ec759df84c,1.86172069,No
0x85f382ec4604049a2ace46526c5e2d560b57f263,0.000434883,No
0x76d24ea108f9dd050e5e3dc939c9b05bc76b596c,6.03E-05,No
0xd0643c1a11887b5ac4ef603d2e3fa6cf463b899e,0.037409918,No
0x11efb2376d30b05f6e51ff2d9c95c56452de4172,1.61E-05,No
0x2331edf81ad291d013a167cf797e04a1388cfa1e,0.002242624,No
0x2ee2bb05d69508161f6c729cef39f3b531a25c58,0.996191363,No
0xf9bf75a357fcaa5cf3d07ff1ef5a011391327fe6,0.000276358,No
0xd4cbd03244aba518dc4db20f614902b5c19f079c,13214.5966,No
0xd52742ac0b06b858c36c2052e883a1ad8fa1d9fd,53.54297223,No
0x11e958db4f2a6d9d1347d6ade8bdbd7eec319f5e,2.817453348,No
0x6643002a5a86e7302a8cfafdd395850455a4278d,0.084837788,No
0x9970bdba81948fd1912170d85c6eac6c860119d7,122.740682,No
0x24678d46062a2245fd0126f87d7c37cd279e6129,0.020410958,No
0x98820002d40377d5fa44fa8712fce7e74f0ed115,0.000139297,No
0x88a8777351ad46de824b901a3923a57fc5680983,0.043729042,No
0x93c0ee41c26e585e7058e02a252b9bfc544080e1,0.161588592,No
0xc629f66998b9851cba4f5b6955863647b119d4c1,35.93311968,No
0xe60375cbdcbdc20ff4bf939fc2c339121c94562f,50.90842857,No
0x25c763fe3d16f6db5c7d9276cb5682cecc4de4f1,62711.30624,No
0xee360206fd12f2c4e5a367c793bb8ea6a0ab7d99,4.408273914,No
0x2a6239d4ee917cd24641cb50e0fd936d3e99f2a7,40,No
0x5c270c1b8a516667f8329fb837bf317d71c44ae9,6.31E-05,No
0xa284b31e1b73979df8441707b2c70096902d59c6,2.17E-05,No
0xbebd693766d0e38d7421ff300238db493919c7a1,0.010980111,No
0xd17e6f19e4dca06ccd8601003d61a018a2904cd7,2.643376992,No
0x59b2447469eab87b1a501c7dbea4931ddc386fde,34.00787957,No
0x7e93ade5f2bac6acc9f50a59fa18edd4f242794f,83.60324891,No
0x7cc6999d00e4912aad54c7cbad176b8afe4e133e,0.00326,No
0xb44a1bff38744f3b804ba10efbe47fd3b1eb33d1,339.4226466,No
0x47d390d7e5cd8c8d2b8fef9c2a6ef308c6584be0,142.8571429,No
0x4fae407abde1bc68ccaeb3fb0722c8d9cb2b9415,9.99,No
0xc5c1fa7c45ac117f1376f24c5dc9dc90a9e34589,3.148580307,No
0x05d90a6ce781a30f689ff8852087fb8ca7f5d8ae,0.274954322,No
0xacb988cb8fe2364c60904b947182ac46f159b937,0.00499481,No
0x05ca50b59646bf9a8310944734af930c2c7319a4,219.9865615,No
0x883ecb3dbefca1ccec4f12b30566103da306e719,0.00010276,No
0xc00cb92522839de416d44c824480279c44f46bdf,11.79225,No
0xeda360e03c951d6aa0113a68968d8e149ee785be,3.80E-06,No
0xbf4c544b70100d72c5c40e4521b600fe62a22b87,0.019076579,No
0x33f1f564e0f46a1bb81e9f9130b6203f3019bcb1,13.40075178,No
0x6dd6c316c42106ad61f1c04748246af756d5e95f,47.015422,No
0xda817a9572bde8a2cd2c7633bdc4e16010f4c2fe,66.66666667,No
0xc7a5075aeed4e5b3b17f334574cca563c68a5895,194497.3093,No
0x9c1ef6602b3a78f0a869d9cf431285a447d9aac1,686,No
0xb1b9b4bbe8a92d535f5df2368e7fd2ecfb3a1950,1.33E-05,No
0xaea3b43960c564a438e51c8cc4867b6edc67bfe4,4.64E-12,No
0x1dd4cf1c081b29591600c8f23807e8877b9ee112,1.101853737,No
0x676555185efa9e735239b4edd110794270066acc,75,No
0x67833e2f85eaaf01dc0651df046d8dc94aab5d32,0.005719015,No
0xd54e9019a16b355d8fcbaa4b11fc8212ebd236c5,10417.48076,No
0x4ac9abab24a2072db4282dcbfec8c804028fb207,0.389746675,No
0x3242e89dd4e0f7e1d54d51f6e1ccf0d69a11d729,72.66666667,No
0x6592343871cd7ffa26fc617f0ecbf5cd67594eec,2.10E-05,No
0xb964cd13fb18fc06c93c6104be5d7e7604368c21,0.001514733,No
0x4ee83a280d562c4121cc9079a3abef8dcc943ae1,0.163088313,No
0xb94dbb81957db89b587bb2bdc8015751a7ee07e6,0.017274847,No
0xffdb8a480fe5eaeaa6716df7975e8cabb763ef61,0.036108351,No
0x272c9863d0fcbfdfed3820828913f465ad0d3d2c,3.269705882,No
0x64cb7fb5199c83a96210911653ed60dfe5f85fa6,5.60E-05,No
0x8c41415d02f210e2cb736ef15a977b6c46cc64b4,175.5180013,No
0x6bd28ed500d3d8c6b674a8f55aea5fa6a308f4d5,968.2385071,No
0xb40ee9d139288f44041e87b0ea2db9487a4d68cd,400,No
0xf20d59624cf4c68e249cb3e1a490cee674259569,33,No
0x3033e8374aa5df99aebebcf76d32cd230403ceac,2.094382802,No
0xa0bc6ea7b5dd04d87ea974f639753aacb352a332,19.11775756,No
0x25dffda2709dfad2e83f8b5ca801fc0a0edc0322,57.14285714,No
0xaf6a965902b027b41ab8705362dd70edbd3858f2,15.8,No
0xe2e9eac6657069e818c11801ba0d7b88eb2adb52,117.956205,No
0x8a59eac23e03aaa2fda3d421f9a0de5505a41212,0.887254998,No
0xb18f82e2589bc2bb720b2a50783d051d4b49c11b,7.88014335,No
0x84d9dbd0fb282f3884bb663fe4febbceb046440b,0.113144319,No
0xafc87b3d801119dee44ededb1e86faad914f8d4b,2.96E-06,No
0x06a64b8e0f60d0c7872e89e16caf32e634f56893,155.7142857,No
0x32ead0cd17bc5513439bcbd26fc9d669ea63d5e2,0.000258964,No
0xfd2db5f95b15d3dbeab1df18d9ce8dae77b78ab7,0.000145645,No
0x39eff0dd13e43242e6e6bf9c9eecda20b2880cbb,0.003172399,No
0xa573c4acc725b14477a8a1662c0547452535b1cf,0.099594774,No
0x64fa6008dca0594a70d8f73a845f6bb6d925ac9e,1.497227692,No
0x2cc83161fa6e0b73227405a5bfcd359dd5381308,0.62349289,No
0xda54ec322063bf16e1223ec7b82d3338a7cb73c2,2.779941005,No
0x6f0fd36ef488a2d810eb3d3039eb4d5d517388d7,7.965482675,No
0x18b31c66af8c42edaf5c381726d6753e1d7df4f5,223.3333333,No
0xe081543e3c1b3455a09064a4467d981d894c831a,2800,No
0x257bed0b0351daf7e87d923352fdf179148334c9,1.717375082,No
0x73b6a4cbd5f86f450045532428e261c59b9da57e,33.33333333,No
0x9da1412fa012db6a4ed6753578dd6fc7729ab43d,8797.85199,No
0xa1dce03c51b0ac5860cc1176dea560ef75301ab5,0.565215934,No
0xf00a8009431471a1dbd6d831de5ce9607845e63e,7077.605935,No
0x0efbc823ef46dfddbc818c64bef17b4f2b95cf9d,9.333333333,No
0xb917d9e1bd9ef2a424b12ed24a32fcc24677dcce,69.53642413,No
0x9c81b5eb4587de537de1492da6141146765c0418,0.0438806,No
0x56e92edfb141b2803110f1fe399371e9aa00b731,13.18957432,No
0xfd73093cdca8e70350efeb9c3b0bc100086d988a,0.000106763,No
0xeb17c239bac0118cafcc3e352329301a97b6b828,0.00293148,No
0x975ab1f920059615ddbf3d08fa68962e10926295,666.6666667,No
0xa8815cf3c1615815048bb1768e91e3737ed989e3,32.66666667,No
0x817dfe4072afd8e0cf4f6ae082daaaf4143dd7a4,84.14161281,No
0xfe2496865a5e3bbee67a9b867e02f2811fca71fb,0.069496671,No
0x16f5d8809d2030f024a75c5060e9370ecfa2165b,36.1947421,No
0xea91b4769e94c1e4311f5d35f2ab7dd856d49374,0.202530398,No
0x2e9ba623b0612fd708d621aaabc67c71e31f7e34,1324.574043,No
0x47ef0959557920bd9faf1c88d886589b23b30309,0.35639028,No
0x4c5d0150b2e31b0def9ae9cf32a68fe39d374bfb,69.10513676,No
0x1a7611c0171d668f90caca56e4327a5bcda5590c,9,No
0xf1a77573c004862234d3c2b377d9ec8f97a03f19,74.66666667,No
0xada1813b11948796555e8485d1a0c1875a34dfe0,2.08E-05,No
0x01f127e0e48a9c4a01f87f3699be07bb997bf7c7,0.001554412,No
0x7c2f6fce9d340c4339247ddfcc236ee020e63834,0.007587968,No
0x07052667685fa195d23cf22b26c10f60d9d3ab97,3.63E-06,No
0x5af3fa8c4463c4a55d95c831335fda00360f81d0,1.993510499,No
0x2b86d782236469b008a8505e7f290098990f2cb4,165020.8599,No
0xb4da1673db21f42dadd74df3e02a85868a6da520,0.000501382,No
0x2bc24306ad3450c6ef98465449f9da18194c2ffe,10,No
0x0a0be9f0c8b775adb3019d277238ed382b314b9e,0.999151323,No
0x521790ae748be07ec446cafdb4158e2bc466268f,2.546967845,No
0x4e9137515bcd7d0f8449ea1e698f658acbb2f1a5,42.47429799,No
0x0475f297f915711d9e1f5cadca54191f245d4794,39.94366667,No
0xef29f19c3088256634d0a749b08a58fa101e049a,188.5854124,No
0x9cd67d6f8c7696c33bde34916c305b21acf62042,1.702636442,No
0xa3dcd6f71f3273277c1f8a157862e2afccd39e50,0.077726584,No
0x476658cfc09722ed79177f685d1f06176f5e54aa,13.09287271,No
0x8965fb5ce9fd984986c069282ea860fb33fbd89a,4.734762269,No
0xbcbb5b3d33727ccfc0ae308d7a91c87db66e622b,7.380093066,No
0x99df88e3f34862c4c778e3cdd52250437f17a0e0,17.8056325,No
0xe83e1323b58a0fb222b0cec6bcc680b523f009c8,32,No
0x97e4d848b5c770c6eba604c4e1b1fd59d22da18c,3.53E-05,No
0x5e3b2c7473f8867343f101f7b335b093e8869420,9.99,No
0x9514b62401316c8782e0f2400304b4ef91244c59,138.7756376,No
0x10377e9cfb0f9760a08abc5cb2b1f44a89e744fa,229.75,No
0xac4be73d4aa60302f1b309897dcc7df5ed77179a,177.4285714,No
0xf391ded73ebc4e474d528343a2db37b366a90eb1,0.038564254,No
0x03acaf4d716fbe82293b8aa6da3c7940f2a887fa,1.00E-18,No
0x58af334b9aa6775c4cf53a7e5782f416a8e915d6,66.66666667,No
0x47f27691bbe85d1b5f3c33d7195927cad29cca32,100,No
0x6d7ed0da2acaa2a047630ea1741537b6f2181806,323.3333333,No
0x73eac4d93e043abb08c393b4a6e2aa4a12c5e1f3,0.007268719,No
0x9add913dabb105e552162cc9c962e8e4febcf140,121.2160923,No
0xf9b2b204a72b5c7f73db7cc33891787313a82c85,19.98,No
0xf5841f25db68dac1809b6f047237bb772cf95a79,0.035412876,No
0x714b2069032573c447a08a92173af0282046f585,0.00021326,No
0x0530f033240450539bb4d5326aa5d012f1bf1fde,0.763232483,No
0xc0fd0b3900198dbebd1a2bac9454a82d91093395,8822.40218,No
0x83aecf1dfa32da1c223885e5cd95ec675539a819,108089.6438,No
0x9ed1cc134e481bb5156379e42f5ac312065ddd43,2.944749097,No
0x3e622a7b1d22fb9079e1d9133515bfed8b93f107,6.201071239,No
0x846b923b1be30fba4f8ff83618c6ead08aadcb8d,1.75E-09,No
0xb518c2bd2514ba42d0d77d37c3b7436552b8397d,0.623139136,No
0x5beed4b0dc8ef71323b4b7c38b1e1b85283d0b8e,515.6690729,No
0xa64caf5c465c97bd17b63862eab48e87a7787e7a,6.00E-05,No
0xd0cd9afc43ebbbacb0b987983c52c482bb865ded,0.00016881,No
0x104d7947a38466ee348a5b7a76ec732f230896fb,1311.605659,No
0x93f4402dd1b83e8a5abca5e93e6deb1885fee29d,1356.056676,No
0x466338df61873dab555b068b6a42f45b0ebb7a2c,22560.12136,No
0xe6cfa69d0ac012c56c69c1786319cd646d45b61e,0.000159806,No
0x44e3daf6bfa2905ea385cc56a4324819755b8fee,0.246051686,No
0x482774bc19a11205dcbad5c56d6af915a4449476,12.36329275,No
0xf8e6467fe6e5d9dfc8cba20919633f8bacdf9da4,51.99606517,No
0xd4105c56dcd0497b3b220eb2fc88022465717a2f,295.3809505,No
0xc9225ff1f23cb33693ea7a5b6f7b504bbc530562,0.706162049,No
0x261de6fbf2cc03aff9a536ee8b0eff86c9132bc1,164.2906566,No
0xb536e538843430d06d3c490e2b061e259a30738c,9.87E-05,No
0xa2a6d2d41ce327acd96012c59e55a5d9aca1a438,10.4447595,No
0x49373c9b31644bae4bb62c13e5fb8ba237b4256b,11.5794913,No
0xb483d0f40c82b8dde06dc70c4f2027c51154f85b,441.1242751,No
0xee93e5e3d3322d0cd8623b0da5ba9227df7f8ae4,3.48921302,No
0x9a90b19dc61b05ae501934ff59acb767786ddcd4,1848.208423,No
0x9f1c6b37dede7584e722681c8f9d55e5cf1788f5,0.306055541,No
0x0951a927865a4a2bef1efdfc1e8f71185ba7d163,511.2719751,No
0x90864a61c9163c7a28270360e265ec2fe4947178,16.72556097,No
0xfa0b22d625349a694da84f44b08eabec690b7e47,251.3889478,No
0xd8bcd5b7798f9b3452730edc789d85a3ee02dbdb,8.77E-05,No
0xedb9a16ef55143953951480b3b1c66151467b30c,4.57E-05,No
0x5d6348acaec894cb5fc7da9cb962e9a46c59fa4a,0.000460824,No
0x860aa8858fb89281edc6e35bb42222962ad2deaa,254.8066667,No
0xb34b4b52ea5ec9f9965f01b3652aca16ec7e7f16,291.1428571,No
0x21d398f619a7a97e0cab6443fd76ef702b6dce8d,1.98E-15,No
0xe04708a3d712162b2e08c2ecc35eb5c99139c526,1.08E-13,No
0xd313d1c6320e909e53467c239944edaf456328ae,3.98E-13,No
0x7de10ea8b851777a8ed302562c81b5c049ce9ec5,57.09595692,No
0xcd2915cf8a4121e8efab77024eee8af4cd50afca,6.29E-15,No
0x2c52ea643b861e8c1f9ebff52bc46cbfc102a6ff,2.47E-15,No
0x206b9efc52a4e7ffa5a06165c8f975d84dbee6fc,9.57E-15,No
0x16ff408bcdce1521db8edfecd7bcbb91689e5043,9.35E-15,No
0xc43d08e5c59cd9ce34144e337829bade934fe9da,105563.3842,No
0x7f547ca5469fa33cc126aa821025e30185419324,27.08004957,No
0x663489ddc752f692e9d4fb68bc092a04481000eb,47,No
0xefcc5406d1354d668a25a418629cd83c2d185aea,7.126580294,No
0x2b2251fd754d4dc5011c63a6157650ab7c6d3e71,0.000622072,No
0x1ccf10f23ab17073e4f140372424f8af0cad8f6d,1.40E-05,No
0xc267748b2be047fa54883963567b114446d12408,8.282275465,No
0x94f08446b390db75c28fc3f16e77fb8ac31e8c03,87.03298893,No
0xfd6b84a98b3b867c2683380d6561166d6bcc1f44,12.5,No
0xe5f68503dc460ec296697074bb5ea56da276e39b,4.45E-06,No
0xbc7c98bd8c68dd4697622af3348de6c2aabc8736,196.3333333,No
0xc563109ef24a191055e35cd39a33c059fa11392b,15.81481816,No
0xab3ee4425673e4903eb4f527a47e239f01de242e,0.005145557,No
0xf5bbab0216b69477de1b7b7ae0519f3b527fff77,7.00E-05,No
0xd3137741763cc0eead8cf7b3bcf9e895b61bfb51,0.079714225,No
0xb5dbde07e3f9ae85bd9bb08d5df000a722aabee1,11498.36998,No
0x2c1c00078bc86fe96871eec5d3e93cc5d78270f5,64.18943202,No
0x325e15693287dcc6218afeac5ef5bf08036810ca,6.081132402,No
0x0fabd63492ea9d421063ea827bcc753bc69e6540,64.48469001,No
0x9dfb6db2683c6d5ea6b3a1de053ee43f9136d752,20,No
0x0813b13f440b05a753d532a498eacfd34422e42b,2.32E-05,No
0x34b16e2a8bc7260f34464298e2979d00409b54f8,7.05E-05,No
0xb699ccc2163a10ac2664b8df5514fa8e3cd2423d,537.3892968,No
0xc2e0a40c91f05b558eb7f175b8249ee63cdbfb6d,33.3088379,No
0xcec9e2dbfe5ba2c8e33ab113abf3fa5adb5856fd,6.25E-05,No
0x009b93b230b7f7540c1576f5d02dcd6856bf445e,0.005004305,No
0x593ab301f24337b904da57799241b57b2d613fb4,6.855165044,No
0x939827138153566290694cd9ea2c801b45683ad2,11738.50175,No
0x222368ac25193b5e9ac300332be849dfea8f03dc,0.261431268,No
0x7eee2acc10613025fde276b0b0bcb345ff7b4971,1786.536744,No
0xfbec65e7eb8a1a537998b800601c22d000d712ae,1.444388901,No
0xf5b37f9760f1532d79da3c1e6fccf01ea0c6bb2e,1451.346988,No
0x3fa51624bfbc3f17bd043042b9595f7e36077dca,0.601033268,No
0xc3e19b1b5e0b054b1b7102635808d4cc040c82f0,72.33420815,No
0x87870c81197d73f67d9723d8aa03c73e19577f38,2.68E-05,No
0x06c94de0350e10973dcdc4199ac119226f6b07d4,1.87E-12,No
0xdee019c407776ee896b953ddba74244f1eca27b6,0.003472011,No
0xe14b74214082a0ac923c0c1d045c1d8042709a90,66.66666667,No
0x9c1ae0d3b78ba948720871f4c02b2cd19f2e0532,5.25698806,No
0x8c2a3566ba0bc2b478e7971ec0b6d06e9e78c0ef,136.0806813,No
0x88549ece7398f150ac92711900bd1bec8d2841ee,3173.780872,No
0xe12adfa424ed93b9366ff8c14aab3800d801b9d9,11.8823759,No
0x0177039f8c845ad55924065af19b226c7163efb4,2.62E-05,No
0x773fa9e74c8da63dc4fad23ebf674a65a3c3d4ad,24.45019507,No
0x69c272e063e5c18478c469bfa607aaa33ef957b4,22.03610944,No
0xd3049959644565628baf1d0a8a09f03c522c17bb,1.858624416,No
0x8327c6ba807c1456a786e60608aa8b3f55f23176,1766.666667,No
0x3dc66b2bbb8415f6ef99e409ae390d302c0cb570,0.022852955,No
0x5c64461798fe85f4fa768755767c9d920a3cc791,0.004113403,No
0xec4317dd6d90c83777d809a69eb5079352fe76b3,0.008144868,No
0x102d32db824f0cb35dbffc0dce63c38b098c9fc1,0.005379215,No
0x1519da6ebafd05e6906c16c529d05477d2c2618c,600.2857143,No
0xce748f49b1acee9d038c12a4cd43053b5d476d95,0.000541765,No
0xe4acc186599942b1ae5468c74d2d9835062e777d,6.70E-05,No
0x2149556f315c9f08368286300d745e35b67fc00b,490.5991615,No
0x2ccf66f4b35a3871d22a95a07fa42b26fdc928e9,72.42477237,No
0x978e0415d0223027cd66a2d3186c9725d90113e3,0.000242846,No
0xebdf50b5d95e713712c837ad6c51cbeabb513e50,2.19E-05,No
0x48a16aefc6b19c822a7dca55349151d12a0eecad,12.3588028,No
0x534b80741f1824643668ef8dcf5101c6028f0189,0.019117726,No
0x5ddcd61c1b79274bea2cf5107c5f54a62912f133,7.12E-05,No
0x7071dd33d009911694c20fa20a17818cd2fbdd56,0.000692753,No
0x4e8910eee1d630029720116eb354a1e0869981a9,14.37866378,No
0x284b0fcbb8ef5a685da1f2afb7faa0d5c91a8543,1439.338073,No
0x53a22a85f1f28c98a2f4358df578309d95e1500f,13637.95194,No
0x9402b92a166dd51f0a433498de4ca357f3986dd2,242.0408006,No
0xb67693f90ff6d63030a36bb5d182edf9df2616fa,13.77945408,No
0xeead2ae6eb6d99f16bedae7996027bf51290c1cd,0.135567861,No
0x7e091a0a7950ae35f2bc68a495a86d9199fbf496,28.54354286,No
0x54720c057ff33dfef6699e9d57db59933d534d54,0.491592395,No
0x476d20cbba6dd37c828558aa104ae3fd2b34387e,3.243350151,No
0x97c39e1c3428186cdca2a6397c250106f6e333b8,4.472076284,No
0x59c9d049149d99dd524e068b6e457c9dd4228ac8,3333.333333,No
0xef593c000c98b9cb5bc22d3ad722e4eef817da7c,0.255823652,No
0x56ad85b3a08ba7f23c5db70280f2e84a3fad2cfa,7.12E-05,No
0xa395a37cc73ce936cd1c84d7ad31c699bfd59475,51499.55875,No
0x9f73febc57c35c124c8578688f4d2e1bb23e6e0d,333.3333333,No
0xd1bf2e5d96b2e6717ce36693ab81614ba155b37d,1.05E-05,No
0x321b66f66167b270db8c682ca71357d9c132c465,846.4178255,No
0xf87228b7e3842a7b9225d1812d7915d36af5382a,5.346622213,No
0xea5c5819d1b48fcc4831b48b35b35aeac5fd220e,143.5,No
0x7688c6cab0e8593d173fc828885da25a44dd8aba,38.15712381,No
0xabd5f2502441d0f570fed9963e63f84849787fe1,3.815472309,No
0x7c186a88e1a35df60f254b6820fa5b31378a004a,933.3333333,No
0xf84df2195382c3b6a08b841511300b6218873085,3.203454082,No
0x8649529178120ec8f1223e1a217b97c28b02776c,0.511174232,No
0x45c1fc4cfd0e1d7930f6845e84a773b511553584,1.667445592,No
0xd055dd9b13945397618e17d73cd636b6c9a77d82,9.188252172,No
0x0878708a658b48734adedbf421c7a630058ba141,2.72E-05,No
0x6527247dfe45924a064ce7ee22734ead80b449bb,6.196845199,No
0x5a67c07fa97478f79bdd01f63e7694edd226d5f8,3.33E-06,No
0x6f89712eb44df51642b30a289ec64435762bc871,0.152407757,No
0x412c4612f1ace66648113adde7a85624ed5cded7,1.41E-05,No
0x6d36a112a4e43ec9c68b960db45451342533fe80,5.22E-05,No
0x900f1e4412ed585ad832b9168847c3281b65a98f,4.96E-05,No
0xdfcf1387e651ef035a9d8775bba55566320b8399,24.15000329,No
0xff271c4ccb4f7dddad2f4f9452f1b1c2a9fe9a7c,0.101131833,No
0x781a5cf63d79354f53ebaeb8966e574b5858a414,0.05676616,No
0xe027b5d59530cf15fe0eba313e1374eb2fb6355c,309.7971429,No
0x4c89dcd8238206f7317ce6727da07571277f6af2,18.82702548,No
0x72c10542c6101eaae96bd8a9785728231764586a,0.553416122,No
0x55b4a6820f13688c734e0e9142e1cf63bc526661,55051.78842,No
0xdd48744fc57cb44bd9b25f27567ccc46eeac181f,55.85797179,No
0x9602d5a43df76ec10f82f0346027ba29ef40cbaa,1689.907355,No
0xd5bdca2d680fd5e26e394a44b5cec9ac2b356169,3.145623411,No
0x32e6b7d57a7b2347c08df02889c69984890f8888,3.411540915,No
0xa838809f61c9244d0842450244e9beb648c97100,0.000187305,No
0x0ed354d12898cb1d91fa9289334a4ca61c5e100f,0.373909462,No
0xb3cb876176bce80b214a12591861ead4c0fd2039,388.541794,No
0x2701a010260914ce546bc86fa87a59afe6796f49,0.928140251,No
0x88f4e7e4cbd45eea378b5db15d112bc3a764be3d,45.8153255,No
0x501a42174a27896cb53bb5bb8c4dbfaee6b870c1,66.77958223,No
0xa444851e70a343e35a86fa67eead37a0f0453d28,40.61148298,No
0x079e0e504da14dece20bf7e4ddbb760948cb01b7,227.1449532,No
0x65026b8ab7786d8b8ab2eed219fde8171181d4b7,4.270244971,No
0xfb6da767c9c0bc533c9dbad31b0c97422ad234c1,125.3845357,No
0x0cab0680580c394a63152eb6fab11657978576f9,199.8,No
0xe728fa1c8f93f463d8023023ea1b8bdf3a02be7f,358.8165421,No
0x02f47f74dab57effb2cb59c96e850e0b73e85058,0.00014,No
0x0a93149115da5b0f6499f1e2b33f2cb87a27bb53,0.039979296,No
0x89c95a1972f970e5939b14c6c11ebdc444256487,200,No
0x58775c83f4846bc0c1e8d0d927ddfdf4bb6dbdea,126.6666667,No
0xe390aeb4321279af4cdd89e6cdf2ee0528d935f4,153.4888471,No
0xf2c3b0e53a9224d041e20b13d4f99b68cf62c5e0,14298.04149,No
0x3401dc45783bcb9a96cf63062c97ea3a2e59dacd,0.169154334,No
0x4faa693ba55e2ce00e2d85ba1b242f47a48c9a76,2.30173596,No
0x4c6fe571e30c84c7f63cef2a84e31666c07e2872,15585.52945,No
0xb2a22ff1de481366776c35b987d7e0861fa3bb31,0.923350067,No
0x2fd2df553868bc24fbf566aeea0dea1487092a6f,6.97157274,No
0xcf058b0c3908d8ea142a95521b6032e1652921cf,126204.0759,No
0x8aba01eb0180d4e905210f8b6075dda68e1e8672,19.14285714,No
0x56f0b2f4e7cdccff566ca2f412253ed0928a2395,0.000404961,No
0xe44d41b6100dd95591a224339f8bddee7177d849,6.702190558,No
0x77351913d09d55cc9d0d123462cd5300287f3539,1.11046988,No
0x8e4dd80ac6fdee8343866f622bacb1b1f88a250b,0.000142103,No
0xb8ce3fc4d0a60e9e28973d42435dac211b273b87,46214.53353,No
0x5f317587dc53d5999ebecaa3ba70bd5b555b7dd8,0.002811745,No
0xebf1f615a763c038d66dd33db305d884e53ac45c,90,No
0xccdf563525ec50173766b4dc25a5c080446478c1,9.721219157,No
0xe72ba59c7b2c21066c068ec7f018b96b1741cfed,0.000552986,No
0xb79252042f6639d02025ec881d52434cbe8cfb70,0.161157368,No
0x52af411f863fd97419b6e4decb3a68ffa9246806,59583.25674,No
0x7efe210736f016221b7c99ac03aa7306b50768c9,0.000158812,No
0x82fce2a77a0dea560bad6dfd5472aba491966565,0.000647378,No
0x881df8aa72cc26c12b1d95ca3279f766c651a503,0.000115529,No
0x922c09557ab47a8ad7bbfbdd9ed7361875a4bb47,237.4457503,No
0xb5395d0531a4ccbef0668a99baa28dd0ae258c8b,15612.71811,No
0xaf26f46d834656d949d73f5e998011b426ab0016,0.000121819,No
0xf7158d79a9939b880cc79dac9492a466d9d587a0,134699.91,No
0x342b7335c0887df5b730ce3341e2a5beb3a3b001,0.018157966,No
0x7f27be00427de0245e1114649b788aee50c0c2e4,0.000190472,No
0x75d912b6f7b90b627099d522ac2a826699f488bd,0.00083916,No
0xbfc4b8a8f3dbed01e94d27add00bf9cbc0e9a572,4.74E-05,No
0x7fe0b9383a9310deeb462522501f7b5fa986fa9f,0.001147039,No
0x47f11051915179f57e0f6b5ca33dfeeeb39837de,6.24E-05,No
0x84632a2daef98f07c1a8695ed5a65ab6db6ec231,2865.825791,No
0x9a14f3a46e4c1a6d63c688c0df43fb4946437ccc,0.000392248,No
0xad3df302c30ff5a31ff6546122bbfb46c1863173,0.00026226,No
0x28d10fe4e3dd05b5489bdeeba5c7c43de7d22efd,100.000032,No
0xdd563e003fd3c193b2866855fb43aab43ffe7b12,0.000257642,No
0x8e0d1481fa42e85b5c4ada8b170cc9e498fbc947,3.12E-05,No
0xaf09bbbcbdda82b1c0f8ab8338fb5d31290f2f62,4.62E-05,No
0x324cd3195fd8fde7877c3b419df16f93ed7e183b,0.000122468,No
0x240f4da7f3061c799e6c4136f1432d015edc4590,0.85365052,No
0xc96b45cd834c73e944b9de105880fef1708ad349,0.000536324,No
0x906c6efdeb1e06afc9551b9b9bcb6f7c720c7c01,604.8615059,No
0xa41ee84a2221cf2177f7f635da5cc8af22c7e834,0.011958681,No
0xde6a50c341c4a8a8ad9ac3cdd3f9918010e26dd5,0.000182458,No
0x14c99956f1d58c4b7d6eae814989d55ad43703e6,542.808389,No
0x1da047a3f53b787c0f6193437d2b8b4ee840250b,591.1305328,No
0x713d0cc6fd38c19b7630306a8778d330f2d34b41,0.000244157,No
0x990474dda87ba105fca92fd2eb08b9ba1b38aaca,0.017903405,No
0xed618cff31605a73c2c3d261437c907f2957079b,170.9533699,No
0xcd34b0b4a75b9bbf5dd2feae0b558438f64ec085,0.014700003,No
0x73085b79b41ce51d18d3e8c1181ddf0e8e3d7222,0.009441626,No
0x59402ca1dcf37988d1f8b6711ef2c4706c67c64c,0.000590765,No
0xb2ba179fbd3af6a5d428dc2615dfb301d5cfa124,8879.112059,No
0x6a8e1a25d7371d28688c7a18bc58a4e6309548c6,0.000233594,No
0x86558e9d7b0ea6e2fd75083772633827f918a2f4,0.000116101,No
0x6fb2f6ff8970ec383e1e8ceaa1e3ca10cd34341e,0.009123089,No
0xdde91cdc93d7a582ffac8107fb92b74b096bcf7f,0.000118052,No
0x8bfbc9549cab2f47231baa743d7ff82aa8e50150,6.00E-05,No
0x8fda249af3d924dc3a0a41aae82ff6664ac733b2,5.119188233,No
0x023a9b3287464800a45c4b174eaa6269ee6666b7,0.000463332,No
0x77938d5a016d1df77dc02cc0014e909e0a89f2e9,0.000554792,No
0x051becd5a02fd6e142a4c34db202257015cc9a10,0.000115676,No
0xa3b17613170b8be901c515ae73fede099cea3920,5.94E-05,No
0xf6eae088dd00ffae013b59b037ea6bb46f2f63e8,0.00041958,No
0x1be10e380ff8b07b158ce3cec44be57c733eafb7,1.16E-05,No
0x6ffcba9de109f22f214c3e9b2a0ee82e8a43f16a,0.000537545,No
0xee5c0c11e62be169f24831088fa669238cfe1ec4,0.000200769,No
0xca737be6c80fcc4739234eb9ae88f5e536d56ddf,0.000172141,No
0x267f70ddc7c29feb03e2417857aa2ef420157f5c,0.000113401,No
0x3b3eed719513ce6a219247b84a8ceedcba362ebf,2.07E-05,No
0x3afd24573144ea5d3d8dec56a7478159116f13ea,1.14E-05,No
0xce340a156e322d4e7d74210680c4e25fb9ebd6f8,5.66E-05,No
0x6244935864ff997717775b07d4efe4642254f62c,0.000168716,No
0xce2c956cb929aa36ad39cb28f82777d2bed02eb6,2.84E-05,No
0x27e1afb13a42bb9a57d3fd098ec08a7c8b9ff611,0.000112429,No
0xf787015c8b28baf529b1ebb329b05791b89ac201,0.000114097,No
0xa0377901f527e01bdb507d0a5818be27d111cf14,3.43E-05,No
0x0cccdc642ffeb639dd7122fd9c411cd1c7dc252c,0.000119434,No
0x4e417fb6c9689f2d54b92466bc98185781e13ad4,2.85E-05,No
0x36fd109b8ef7ecc978dd0915ac45d641fe999497,0.008264077,No
0x1ceea12c4d13bca4b21544afe28f3d82a93afe5f,4.21E-05,No
0x7199655f306512246460c0b7942dbacc0ff4f126,0.000167275,No
0x16a31000295d1846f16b8f1aee3aedc6b2cb730b,0.057474934,No
0x8d3c201e86cbd36aae431f14321e14821fe5909d,0.000570798,No
0x8c71a6d97734dff05f1002b879e221a17793638a,265.360436,No
0xe222cfe12a308977ce13f431eca897440f63033e,760.5073689,No
0x8ecc5d39cda8af51ac2607f24d0827602982dd0f,0.000118551,No
0xebc0fda7bac2a6310d1f6e7d71cff9705f4072e8,81.08691814,No
0x85ac675cad6057713edd867d9490db3574fc5737,0.001877028,No
0xd62be8e803804d4d40e5360f5814c443c65fdc99,0.000110013,No
0x909329ceb05a3e096b14599c7c79336cf85f4a6e,0.000163996,No
0x54ba5804b56d6aaaec5afefa022011d9b7d7997b,0.00041958,No
0xf15f84f330bf9a5aab85c8a8667bdc60e4af6fa0,6.09E-05,No
0x04588c376a55d7eecd6ff293110ca899366980af,0.000337893,No
0x8446c2f4a3bf66624a0aa4b5e46a6297f653efe9,9.92507314,No
0x7c42aa582fd7737a5e8ee36a72cb467032502c30,0.003548388,No
0x338e7ea52874b808f7661764ac9b5f1f9b6b1ea0,0.006424548,No
0xd731c620868b802a11b9fe574f96b389bb840aaf,5.18E-05,No
0x211d0c52c9522947ae2519348be87e660168130e,0.000105688,No
0xd818889199adbb7ac79b1b8059f46de62e81a55a,533.2522041,No
0x1731c0926b4e306ea8f2b379851ee255a314b5be,24836.57897,No
0x050064ef5f7920c31f85c95d49715d4a01176e48,0.000179535,No
0xd33f45936c980124f28c996e0b71547fbc2ece6a,0.000704043,No
0xe1d871aec7e3a99ec204939fce4743576e6a3309,0.000159113,No
0x7d3435c7436db76453d45500eacfd161989ca54e,0.000161201,No
0x9d026b3575ebee7852d07956e1ff8edd9bb3bd7f,4.990716843,No
0x04744f5fb8f41be2201893bbb90ecae70af48c0a,547966.7759,No
0x6390ccd94955c33e9169e383f685ce81fbd47679,2.61E-05,No
0x698d1cac7ec494c57b8967ebdd46ece1a20dfd22,0.000169571,No
0xe040bfcf570ae401daf95b95002a597f74868770,8.40E-05,No
0xe0a16074cb22dae8a05781977bc49a1445b822e8,16828.73849,No
0x9d4d021631cd0c4b63cc1248fdff85cbafa76409,1.83E-05,No
0x86ba4ae996aa8573f09cb036fd45838b33ac5bb8,5.06E-05,No
0xda74a4f3df11a55242e80885c8a301d5768bb34d,122.492612,No
0xc8f348828ac2e6e48db4bd575701da90ce9ebcc7,1.08E-05,No
0xe1b8188c2fa602c90d32cd10edf66b38274640f3,0.000151639,No
0x34fe5e9fcc34fcbf4cf909b5bc7167e27132cfb9,5.12E-05,No
0x977fe9596a8907f92df29c566654c2190c17ea46,9.12E-06,No
0x54c1dfbae1c401a8a97059dc90a0ef0a36b95db6,1167.121047,No
0xba713d8638c2b6790a58c683927bad6a39b68407,54833.14768,No
0x874a257164ef38398859cf54b218ce2f82e0654f,2.55E-05,No
0xe1b4c6e6c83186c93e098e6f7db575584f1d3366,7.61E-05,No
0x930e0d841e27fd88b85f4483416b5c8dca6c79b0,0.005986921,No
0x360cf9ec4b35511321691268ab67c690386e7cf7,65.59222886,No
0xe2fcb99e9d0cd4fc01a187d6c347491a2ef005bb,7.52E-05,No
0x22117d7c4da67a7b8d31f1c4784c3cd77fec9c9e,0.000560043,No
0x9048ad65e59661b470d7fc40225708eaf38d17ca,234.7055675,No
0x1e18e96b310492eff27684be1f07f089888101a9,8.93E-05,No
0xb85971b04fe023e961eab91d3c60c7eb4ab66a31,1333.166975,No
0xafc2772b7bcd24c48fe81f0c701c21d1c8419508,2.54E-05,No
0x383256fad3bd734aafac72be03f3b8420a451e5c,23.85319211,No
0x39cb3520f6347884d87b48c9fc511f9cd70845bc,0.000201148,No
0x213efa63571f3bf3d4e4c457bb27ba09f730d596,25296.59702,No
0xde3ea553bbd9fae9657a1dbf2206d32633f7c32f,0.000488811,No
0xfad3160bda3a5316fb109240c41c555a8486474f,0.000621662,No
0x30a9bdf6c028242a26f99270168217e8a2b1145f,197.3101527,No
0x5336eaf1e508d8776725fc66bbf94adb1da56b80,689.5409743,No
0x474bf0999d802bfa068bf9dd3d1c7c73034ca307,10.00001878,No
0x77ff5f5b778358cb8090d48c31eb6b819e92944c,0.00026862,No
0xb9b3c7767fe241f68546f1160008b951d84324a2,200.9481116,No
0x9f3b3e2bc75007b3feb6c057a127546cb8fad59a,96.90666708,No
0x2c47e26adc0e9fa34561e56ee1c615426737dd8b,242.5261191,No
0x125326b148ded3a5cbbb58a1d071164831be8a8d,6159.271701,No
0xd72cb798bcbd008b29a7557329945fbcdfac9d02,0.009069284,No
0xc38d2d22a64ab407d1a34e4a50ecbacfe079dc8e,0.000978385,No
0x6c428b4a5f1478278399481ac9f1d4f0fa0d7404,218321.5306,No
0x690269bed7d3092f292e247a46144abc870bbcd4,3185.1487,No
0xeed28f0afb6c423db5c360e0e26c84b012c59621,2.45E-05,No
0xeb30fa1c37e15bf056bd071b79fff4055e720eaa,47.92146401,No
0x9208785ee3c5e887094986cec5acf11bf44c60a3,2.57E-05,No
0xa7684e31464e3c589aac40d534f3b9a55a6ac079,508.4296613,No
0xe30e336dd2d98d8b07fedb26fe9357be25eca118,0.0001768,No
0x8241c6bb5c32dbbcb94d57cd9024a8da47a16daf,4.82E-05,No
0xc8f20ecde1884fe4d0e78afe6e3a1aba976c8587,115.9908876,No
0x5c3acc3dd80f4998e5d8e10868484d4bbb14a9a1,3.41E-05,No
0x86cc8704c8b8c1fb44ff28eaa7712dd4c57af6b3,9.47E-05,No
0x16164188792fe02a608c8cc58cffb164e8a8fb0c,9.59E-05,No
0x40568d0b8acfc7ffcd38a73c45d2650c5c85fee1,14980.66967,No
0x5a32b1999f30a96303f1a62d32d9fcb9aa882ce6,76225.00725,No
0xc9ff191cc7940f833ee555f9e6c03a3674c69bde,22.50613627,No
0x0c21fe678f5eb80497b5939c7767ceb1c21fbdd0,0.000249217,No
0x3a985653c9e363eff83cdb0fdb200b0ca9e6e485,0.000231006,No
0xd9992261e6125a2998d30d3f492dc25d0af98ed9,19.40193476,No
0xc186aa28928462ffdd96763b5f8b3c67da4fee3d,32.69618095,No
0xc580ac506bd2e9cd065d7becf9594ec0dd737b13,120.878157,No
0x3ad3f6faefbd80cc5f279a463aeba5f423b6640a,242.0201943,No
0xf416d7c747007807ffa7ce49a5ec6300a97bbc30,46.8649659,No
0xcb1a39edc2ecd30b6cdda538154d7bd22e20b4c9,0.001576867,No
0x1043cc0bc9a1788fa8c126da67bc45188725ec4d,4.023141427,No
0x51489717cc222369c5be8985ea33326c5a5d5c94,66.26757821,No
0x9a0b797e017e849719013e7a5ea3b4fc07171136,2.480596301,No
0xe6540f540738f7b975a7cedd81186dac8aac292e,4.00E-18,No
0xb7cfa675b96efd9dade850c2acc1a4d1e6498818,1.98E-05,No
0x77b6bb9012a9775c3752ef31619bd949a7beaf83,44.94959932,No
0x518bf2e9a4858123cfd7374d45800a5943d85812,45.17407878,No
0x719cb9520758fa718191b5e5c92a7d397896753d,2.83E-05,No
0x9a5b76ee6a98cbefafd92c93aeab1e4fffd4f892,5.66E-06,No
0x2ee25e1f58ad2ae3dede5c9810ee9e8d8bfc2bf6,479.8019756,No
0x6dcefeb4015441bd1cf62d5c24dee36fa7faab1c,4721.463992,No
0xcacfcbfa256d70a6a1c663ce0c09052b63d50769,1.44E-05,No
0x82b729a952e47d8b29e27e890ef84f730ea07e96,0.000207197,No
0x74850e8383590ef57f6a166431e7c827911732cf,4.55E-05,No
0x58617d224052b9dd785d6c4d1595de87759e9e4b,7.15E-05,No
0x5e5584321c8d5c34c4180d851d15f1e8704ca927,0.00021,No
0xccb0c076ca520e3fd227da225ae84dcef96bbf8e,8.73E-05,No
0x7142485a4d22c7947721c90cdbba39141d08d4c9,3.47E-05,No
0xbef291d06cc732bb7263d9ceb2e0560658231375,2.20E-05,No
0x9fc992e8f7fb8a99b0392bfbfb8ed97101149ec4,632.7958543,No
0x4c6b0e16d1c5c98f20d91ecbdc0a65653f8340e2,0.000379474,No
0x608c3c4729f99896853f2907ee41a5f7d61b98be,102.5228129,No
0x6cf83fe2db8a4f40ff98f9fe3e6315f3dcd5cbf6,324.7255016,No
0x9f74cb711204f0d5adb8bb5966e4725b0f78ba0b,1.40E-05,No
0x48354348c77d8f58918c6d431af05474d51e4ec2,4.23E-05,No
0xb000058298ac2d15c336c8627f4c5c450c16bb7c,3411.303017,No
0xe37181d00a690766bc499a49ffcfb74c00679724,0.000476202,No
0x044fdd67f999be204cec0b8bb44a2828982677f9,8.93E-05,No
0xe0f03ef8b9e55dd2485ca8ba41a6c56c4ccb0a2a,0.95200987,No
0xd531146df1c5c24667168cb64f35575a8caf83ee,0.000268305,No
0xe98dc2f5ad89fbe4b491c5e9cc78e2dbed516b78,19.7172074,No
0xce0e278f9ea918390ea28a6bf7530a3c5a7cfe6e,400.8200941,No
0xdd49a5b96319cb9c5bd20dbdc0302fce1ed14b4c,18.10665006,No
0x8678d0b324d2fe48af10a977d20feab01cd5c3cb,153.9539874,No
0xb663673e6943201ee9bfc4620f14680ed5e85dde,405.3196666,No
0x6492b179e8fa9a89f18c6bb1479b667c6609dd8a,263.3466937,No
0x58a2e0c332799d20358deed3720108a9d1b73797,1099.290512,No
0xe51b5ec24836f8a1e6749427c462e066485b8acb,0.000405153,No
0xecdc1b6801732c1f0f672898947d329562cace45,5.547084348,No
0xedc6d05aa8e573161e964cb74f95f07d6efcd01e,4.00E-05,No
0x7defcbccf3c4fd84e23d19cde77330d3eb13e6a2,0.051775878,No
0x8b03615c6678f1c44c7a93e674c8e959fc6504d2,553.3128526,No
0x73187fdffc76559cbebe05d6258af35d64b67743,292.5238957,No
0x0390b405ddce923ef115a117e02a0ca68cccfea1,3332.707312,No
0x66419856f6eb867fd64da1556668d932ae8ce760,0.10541089,No
0xbc458fd259a9d1b4206eb62e2298fe15eedcded0,7.14E-05,No
0xdf91d79dfafb0f3bfacc6e136922cf7ec4bf56f4,8.26E-05,No
0xf3652520b3cbd2338c3f95620ebf9a44330bbe2d,1185.033043,No
0x8d7b761fbbb1b912b93de111814e0b71d797bec1,1.57E-05,No
0xcd1550d699d7df48002c42a04517ee69bc07cc27,5.802186847,No
0xfc92e6b153221e6c6055b95b9f616528e4f2952a,453.1730432,No
0x87b7be5b2061330e5a2bbe03e0233a493f1bf237,4.24E-05,No
0xe5b3279be1cabad065c942f0f98f76d4a9e677d9,9563.497398,No
0x3b47d968242d2730bbfd98b3b8a46500de97877e,4899.3125,No
0x0126ba24d87fee57bfe3608c4fa410ef4f72421f,0.321526807,No
0x4e6a93caa0dab50f86f17895ddef4f2e470a443c,381.6999165,No
0xbbda3cb33797f9cde75c2ab14ff2761e40a9845e,46825.39446,No
0xad759ed16b6a818137a55048de57b4060a117cda,66.61356039,No
0x20c84fd5b28cf1082fdb837bc77590f9cda282d6,232.6737038,No
0xd93d53143bb564e7a91862f9a8ab0b496d6e9d89,7.47E-05,No
0x8c0bd42871560151705f3d0a2d6714e0bd8c4a06,8915.771659,No
0x67135698731beb33f93a8f4cc79f729cf9e39a8d,6.78E-05,No
0x2ca2550f326794776e0d00b492203df81ca7add9,1.85E-10,No
0x476c5225f5c02ec7ced6bac16745ee8fee37db74,37.04293268,No
0x4b62539acffaaefca945ab05dde900ce27e29b8a,105.8564476,No
0x865a4107e72bd23d03fb19d32525fdf57d51c3b6,0.001244328,No
0x839375339b030c4a8a2f8bcedd85c308d898307a,312.3459188,No
0x1876804597a62e79e7880cd415275e40ea4908b1,305.7083713,No
0x08c836dfbcd4555a9f8787c153d7c1b5f00ffbe7,12294.64813,No
0xdf5261c7ac8a8ce613c2f3b607c117ffbd925e42,522.0163693,No
0xbefb3756b51c5463151516e415f2d43fff309bda,108.6745725,No
0x90209ec83262b85bb11ca11bb995ef09eeb059ce,49975.98672,No
0x74264aa892c5c4b596b91f961b1387f94ef3d5a1,324.2891189,No
0x27b1ff0702157a0250def372cd6ece60c6290f1d,639.7208122,No
0x17b49109a9dfe3406cf5de696d0ef53b9eb3aff1,800.1514512,No
0x58cf352e68a61ef25de209950c15dbfbb8bb65d8,0.000119744,No
0x9887bc8f3c87d8f2489f5441abe395ff0f0889d7,227513.8214,No
0x51051758a32a3bafe4bb19f99c10501f33e852d7,85.22028516,No
0x7a556db0ba711f7330f697a960633df1e0744c8c,141.2608063,No
0x5c335424d73bd1ef1512106716063d2803744641,1498.502479,No
0x385ee5caa8178ce0cf3449e926ff8a2d0a4a2e65,1409.572427,No
0x44efd9678c30f7722fa815069e83e686bf4b2b16,0.660439251,No
0xab78bfeeca73eb76570715c3b11163d38d75aca2,2.79E-05,No
0x84aa61f32bcd83b75ad7892fd4a35c701bca71e4,2703.581097,No
0x94e997b3e0d37d412a4e9f2df6cebf4f32b2eca3,561.6771236,No
0x96da38f23d240ed7bb60ab1dafae63ca6e0fb0d1,20.05283184,No
0xfe4e403d2997a21737de52d6eb2af46ecdbca0b7,2.47E-05,No
0xac4eb9209f5e682f498855cd1f5e68496153a384,67.09819333,No
0xca4c9885182e059bf162a45779e890687d79f415,38.75119276,No
0x0ee614194e8693da786fac2089a4a7f665eb958c,1.24E-05,No
0xcc1f70736e81ed903fa0e72a73a1829a1b588137,0.000136688,No
0x90ffd7f713013ccaddc71f40d72cce04f5f2b836,5.38E-06,No
0x95eb72976aa41ad84cf9c850e857f6044a109861,0.002193354,No
0x354029b0d5c417fed5f22522d3a1325b5397df8e,538.4052928,No
0xe17b2c7a32feee41a71663d428475f7b5be6a01e,6.230007432,No
0x353712aeb0d4c1f39158b70a5cdf9abfa5b27ce6,188.9174499,No
0x8cf365d5d4dc7a22c65113e3a891d51771cbff11,55.55832032,No
0x2ae0dc3c504d221af942aa37e84854aa4a73d901,0.000259536,No
0x5f20e8257bc4e8a0eae25bd826beb6cb819d7bc7,0.184024847,No
0xd457bfb53858175fd0b083985e9217bfc4b90cf3,618.7924017,No
0x8120c4becbb3b4f2778d30b3665174cadc861db1,62.83392189,No
0x6e2664672c548263fff5dcb00f9801f14f1d60ee,249.3347817,No
0x297396cc8ded01d9ddd3d8fcb819e030d654eecd,1196.228325,No
0xaf5ec856018ba125c15c48899712a2ad0beb7b1f,6.62078328,No
0xe424c28aa73be0a577cd27220237094efa91ffdd,596.3851348,No
0x51f130408c88447bff2eeed419ee2e2d196c3b9e,224.340889,No
0xbecda484faa2eb1014187eb76ad326193b7cbc93,845.8718031,No
0x3cdfb19e79e181338962faf2da431551339c8b39,31.94472749,No
0xbcd87f68565a1a6c66742925521d15258870a7cb,0.000131931,No
0x7574d51139e93dac84444d038a5d71480a309b6b,297.6827126,No
0xc7d2fde79bdae639115607a5bddd1596058e9c29,0.488231661,No
0xf9c70acecf5efcde9c8535c0d2f1bba5fbe8a98e,13.21017699,No
0xf3eea592400f8d648791ce71fee2258f0a580ee4,663.517433,No
0x4edb710d66686bae4695164c7de33aa175c05ed7,2.301650186,No
0x498439a07a19941ef8783887e77ff19d717506a4,256.6115499,No
0xa582da012a45fc26a61a134a720abc913938eed8,13.9410859,No
0x445896fafb1a504e758507f4cad6be52dc6dbabd,62.5,No
0x753aa6a8eb36d16e970a4952a8e3ab21c4b65a9d,442.3738698,No
0xf3db56dccbf6c7f5c9caf98610d1e081a42a673b,0.01013218,No
0xee608a79adaf1c4fc1415092896d58471ef28480,84464.08194,No
0x0af2f48d52bb82b61176b06531551812c34c4492,158.3705812,No
0x566a1c9b3111aed63c6a3ce9c2813d733d51b71a,500.9790334,No
0xc604458d12a3ea41f97ff4be08817d69ad042535,490.1054604,No
0x29aec2e84d9f5aa21d423ddb80e400cae1a49d48,5.59641157,No
0xed61f236af0dce885d8fe27596bde5aa115e2e09,62.5,No
0x9d3c511223b089e2e4758e18fe53d53deef7cc67,4.850244353,No
0xd6b93197d29a499863cc430e44bf9e5430d30721,0.141141245,No
0x82b77eeddf0e878540c688778035780dd20e900f,2.001346526,No
0xcfb4950ba834f122b732a05c7b654f70313ce2b3,4.28E-08,No
0x0bfcaef9d3eec80ead1e7077ba5d3c10bffa8b53,15783.24342,No
0x4c93a2b3a0cc866488f6a64d085d9eff22a5c042,2.991492344,No
0xe7fcbb38db770c7d8043170337dc2b9fc62627ee,6375.755234,No
0x49ae3f1423d5ac1d3846921ecc93f4f78161cd99,2423.501404,No
0xf2009132fa04aa2f8c83dc23fd351a7a8de9673f,5.126074851,No
0x4bdf332185426859fe41989d7bf25561aedb0b9c,8.309899139,No
0xf928e8fdf2436e3d588f1dc3c0556a615679d43f,9693.918712,No
0x6f03289532135c4bac90c572c8049235c785d88f,10937.27002,No
0x487b16d67c52aa58b1c4d610aef5b83c2209447b,10.82502534,No
0x214def7d5b7f65b7cfe9f4cf42868efa9b42517e,42.15059408,No
0x05fdbb9dddd52f476f79284371bd72d18b93160f,26.16513478,No
0x230111f82996adb12e9ab0f78f329f39b26ada5e,13.33333333,No
0x1fe0f0579b4a0f20779e1abcba663fd3b2e327c7,14152.02828,No
0xf74644944aabfd8f42e8c765a2916ae74d2b26bc,7582.558983,No
0x083ed3e4a39a8398079223f462e0ab6f3744a34f,4735.903328,No
0x99291fc4e9ab99353c9f8ea24e37c3b1e8f479a3,3700.947295,No
0xde3ddfaf74f68539b9e9ab35a1d341df5781e749,405.3210302,No
0x2900015334cb4c1f13276bf5c29a0a8c2db8b68d,2411.159971,No
0xfe75c34e331704caf23a382e959528779c7739d3,35566.66013,No
0xca7499387fe16366f1d31de3ee5bb71056b43103,18904.30892,No
0xbc097bcd67adf0f2068f7120eb202e18602503dc,70780.9625,No
0x87ae174c210e0100acd43d04d9c23c7b5d50d417,95.83483317,No
0x2d515004a2d8d93acfcee39e157bcf4290b73809,12486106.84,No
0xe4acb1a14098b48eb546e750e2bb0655f6984eff,197056.1614,No
0x58d10f5b681d11f3a493c234e3cbc46661b2f0e4,1947.674113,No
0xefc94a826f6f6b903de650c9e55051892fe7bd5d,801.4503891,No
0x181e0133126518ec65f636934773befb543953db,24970.42135,No
0x13fa1ecfc4abcf00fda7dbf89e9067083f8b2160,9345.57999,No
0xe904e93982179392a204e92fedfbc11dde1831c8,849.274875,No
0xc087c9a3f03a6918e906468ddbb4cb836881033a,201760.0867,No
0xdaae97bacc4a4888b049ecbf2164be462a1e3a3e,133666.3685,No
0x74c7a8e003ee019ff8730b0344252f730f887552,0.013389818,No
0xcf2001a16b69543fd4bfb54f1d4528b6c5307a3b,189154.6766,No
0x9ff251fd3363632626e96ce5ccc82cee6c80a732,134562.9412,No
0xf017cfc748e634a65bc20bac50124cac01a1ef83,1914.041084,No
0x9e20f1e07b7ec84df782dfdf54dd2da144047725,59968.133,No
0x9772e28ed8cb6efc17aa09b29bebe69199f761bc,0.003925268,No
0x1bf838b235def161c730b8a2aa4b186f5e3e3b21,4936.510534,No
0x66aedce18c6ef06098e14f7eede77d1b1b7f34e1,7045.579438,No
0x04ee9b474dbc10be165079c06acc619c28686868,43478.75929,No
0x69c7f1df5490f816d41fa6bb80ac79f8bd2e45b7,4995,No
0x9959478459dd868a92d9e3d331a654fff8ff156a,1630.468523,No
0xcb60704e284b910f06b23f31043b65f726308266,0.009161593,No
0x5f7df86c88eb0a68a6049ff6a3c5d149b748de15,15489.50218,No
0x5a4496703d1cf45340959440c565bbcbe28c4dd4,38300.38313,No
0x793b3ea53445ae9739c1017d728eb23a57d9d969,9990,No
0x6c47cae47647ca5b4bccf508eb5e11a73902ff95,49443.60847,No
0x5717282a32c3e09b1fbdf3437a1292cd2fa6366f,69234.30441,No
0xe640414333de7db5196b381c0c5f8523b9774bef,71928.32936,No
0x95d473bf1aa4f42e8f86fe2f0f1bfa1ad65295a2,14198.79699,No
0x1964f081ef6a7c52e00dd0cf0675ca3f98ea3699,33947.42614,No
0xa0592fe6e7ec021d7e8f03a2b40c3d30b77412d2,79618.52408,No
0xd57e5adb72156cfba34d6e2f62edf2b6a11eb55e,57345.64836,No
0xcb89b291200037fa87259568dc9e00ea836c02cf,8759.119487,No
0xc096440c91879e07deb8d7e17617823fa0942b22,39768.53739,No
0x43d7e884ec5e59ff3c7f28050d830d2536323c68,4359.877184,No
0x84670e3e4055333d2e8c06e20882321a80f28199,8637.252132,No
0x8412c1333a6ebdf868d5c7b9151952b319675097,12825.87243,No
0xf032191ae96ee3f4332eb9c497ac38d198d2d387,466.5032875,No
0xc66d372f4fc2a2bbcd24462186e462e7ec6fe990,4158.732361,No
0x45b47f188e8db9f24c56db7a2587a57333fe2ca8,14471.55718,No
0xfd5f1e510c35b494aeba642c24c7bca44a8e40e0,1522.786346,No
0x3fce4d7b8d17da355969e29ec7fe4d1ea3dfc0d8,1055.682044,No
0x7fb1fee73a5652f3676f0193a6e232816f666532,4127.868,No
0xbc19593f24bcc1540ec1ab4515423833dbcdc03b,5837.171676,No
0xc4654da314f77f42560c34ce6eb0285b87533002,5594.938908,No
0x957d12f43574049459bd99a5de209a9ce695d522,84456.0134,No
0xe04c30a489fa386f96f777a46af312107bc40e51,0.017458608,No
0xe17e6c3eaeb42212ea35753267b19d18f6ec27ea,0.011649186,No
0x3870b698c348ab731c3a6f9f0ae04221bd78cf09,26097.46778,No
0xd03af223577f7f9b9d54a9f1f18d03c47a9bca5f,25380.73356,No
0x50738f45aeb503157f2ed8eedfb417dc30849f7c,22144.1994,No
0xfd3002ce12d81c4e5f62b97f3c72f18122291a65,10320972.56,No
0x70873211cb64c1d4ec027ea63a399a7d07c4085b,30,No
,50000000,
